Handle,Title,Body (HTML),Vendor,Product Category,Type,Tags,Published,Option1 Name,Option1 Value,Option2 Name,Option2 Value,Option3 Name,Option3 Value,Variant SKU,Variant Grams,Variant Inventory Tracker,Variant Inventory Qty,Variant Inventory Policy,Variant Fulfillment Service,Variant Price,Variant Compare At Price,Variant Requires Shipping,Variant Taxable,Variant Barcode,Image Src,Image Position,Image Alt Text,Gift Card,SEO Title,SEO Description,Google Shopping / Google Product Category,Google Shopping / Gender,Google Shopping / Age Group,Google Shopping / MPN,Google Shopping / Condition,Google Shopping / Custom Product,Google Shopping / Custom Label 0,Google Shopping / Custom Label 1,Google Shopping / Custom Label 2,Google Shopping / Custom Label 3,Google Shopping / Custom Label 4,Variant Image,Variant Weight Unit,Variant Tax Code,Cost per item,Included / Bangladesh,Price / Bangladesh,Compare At Price / Bangladesh,Included / International,Price / International,Compare At Price / International,Status
3m-noise-cancelling-headphone,3m Noise cancelling headphone,"<div class=""col-xl-10"">
<div class=""tp-product-details-desc-item pb-105"">
<div class=""row"">
<div class=""col-lg-6"">
<div class=""tp-product-details-desc-content pt-25"">
<span>Galaxy A8 tablet</span>
<h3 class=""tp-product-details-desc-title"">Your world at a glance</h3>
<p>With a slim design, a vibrant entertainment system, and <br>outstanding performance, the new Galaxy Tab A7 is a stylish new <br>companion for your life.Dive head-first into the things you love, <br>and easily share your favorite moments. Learn, explore, connect <br>and be inspired.</p>
</div>
<div class=""tp-product-details-desc-content"">
<h3 class=""tp-product-details-desc-title"">Draw inspiration with S Pen</h3>
<p>S Pen is a bundle of writing instruments in one. Its natural grip, <br>low latency and impressive pressure sensitivity will make it your go-to for everything from drawing to editing documents. And S Pen won't get misplaced thanks.</p>
</div>
</div>
<div class=""col-lg-6"">
<div class=""tp-product-details-desc-thumb""><img alt="""" src=""https://cdn.shopify.com/s/files/1/0670/2301/2064/files/product-details-desc-1.jpg?v=1706118695""></div>
</div>
</div>
</div>
<div class=""tp-product-details-desc-item  pb-75"">
<div class=""row"">
<div class=""col-lg-7"">
<div class=""tp-product-details-desc-thumb""><img alt="""" src=""https://cdn.shopify.com/s/files/1/0670/2301/2064/files/product-details-desc-2.jpg?v=1706118906""></div>
</div>
<div class=""col-lg-5 order-first order-lg-last"">
<div class=""tp-product-details-desc-content des-content-2 pl-40"">
<h3 class=""tp-product-details-desc-title"">Carry with <br>Confidence and style</h3>
<p>Wrap your tablet in a sleek case that's as stylish as it is convenient. Galaxy Tab S6 Lite Book Cover folds around and clings magnetically, so you can easily gear up as you're headed out the door. There's even a compartment for S pen, so you can be sure it doesn't get left behind.</p>
</div>
</div>
</div>
</div>
<div class=""tp-product-details-desc-item"">
<div class=""row"">
<div class=""col-xl-12"">
<div class=""tp-product-details-desc-banner text-center m-img"">
<h3 class=""tp-product-details-desc-banner-title tp-product-details-desc-title"">Speed Memory Power = Epic Races</h3>
<img alt="""" src=""https://cdn.shopify.com/s/files/1/0670/2301/2064/files/product-details-desc-3.jpg?v=1706118907"">
</div>
</div>
</div>
</div>
</div>",Fashion Shofy Ecommerce,,Backpack,"Apparel, Backpack",true,Title,Default Title,,,,,,0.0,shopify,90,deny,manual,90.00,,true,true,,https://cdn.shopify.com/s/files/1/0868/6875/4710/files/product-3-2_bf604703-22b4-493e-8b1f-41dd18868644.jpg?v=1714975560,1,"",false,,,,,,,,,,,,,,,kg,,,true,,,true,,,active
3m-noise-cancelling-headphone,,,,,,,,,,,,,,,,,,,,,,,,,https://cdn.shopify.com/s/files/1/0868/6875/4710/files/product-3-1-1_2fcbb1e8-5249-4399-8d4b-e5de937f6803.jpg?v=1714975560,2,"",,,,,,,,,,,,,,,,,,,,,,,,,
3m-noise-cancelling-headphone,,,,,,,,,,,,,,,,,,,,,,,,,https://cdn.shopify.com/s/files/1/0868/6875/4710/files/product-12-1-1_6bb757d2-0425-4453-8a3c-714580798dfa.jpg?v=1714975560,3,"",,,,,,,,,,,,,,,,,,,,,,,,,
boat-multi-channel-brown-headphone-in-stock,Boat multi channel brown headphone In Stock,"<div class=""col-xl-10"">
<div class=""tp-product-details-desc-item pb-105"">
<div class=""row"">
<div class=""col-lg-6"">
<div class=""tp-product-details-desc-content pt-25"">
<span>Galaxy A8 tablet</span>
<h3 class=""tp-product-details-desc-title"">Your world at a glance</h3>
<p>With a slim design, a vibrant entertainment system, and <br>outstanding performance, the new Galaxy Tab A7 is a stylish new <br>companion for your life.Dive head-first into the things you love, <br>and easily share your favorite moments. Learn, explore, connect <br>and be inspired.</p>
</div>
<div class=""tp-product-details-desc-content"">
<h3 class=""tp-product-details-desc-title"">Draw inspiration with S Pen</h3>
<p>S Pen is a bundle of writing instruments in one. Its natural grip, <br>low latency and impressive pressure sensitivity will make it your go-to for everything from drawing to editing documents. And S Pen won't get misplaced thanks.</p>
</div>
</div>
<div class=""col-lg-6"">
<div class=""tp-product-details-desc-thumb""><img alt="""" src=""https://cdn.shopify.com/s/files/1/0670/2301/2064/files/product-details-desc-1.jpg?v=1706118695""></div>
</div>
</div>
</div>
<div class=""tp-product-details-desc-item  pb-75"">
<div class=""row"">
<div class=""col-lg-7"">
<div class=""tp-product-details-desc-thumb""><img alt="""" src=""https://cdn.shopify.com/s/files/1/0670/2301/2064/files/product-details-desc-2.jpg?v=1706118906""></div>
</div>
<div class=""col-lg-5 order-first order-lg-last"">
<div class=""tp-product-details-desc-content des-content-2 pl-40"">
<h3 class=""tp-product-details-desc-title"">Carry with <br>Confidence and style</h3>
<p>Wrap your tablet in a sleek case that's as stylish as it is convenient. Galaxy Tab S6 Lite Book Cover folds around and clings magnetically, so you can easily gear up as you're headed out the door. There's even a compartment for S pen, so you can be sure it doesn't get left behind.</p>
</div>
</div>
</div>
</div>
<div class=""tp-product-details-desc-item"">
<div class=""row"">
<div class=""col-xl-12"">
<div class=""tp-product-details-desc-banner text-center m-img"">
<h3 class=""tp-product-details-desc-banner-title tp-product-details-desc-title"">Speed Memory Power = Epic Races</h3>
<img alt="""" src=""https://cdn.shopify.com/s/files/1/0670/2301/2064/files/product-details-desc-3.jpg?v=1706118907"">
</div>
</div>
</div>
</div>
</div>",Fashion Shofy Ecommerce,,Backpack,"Apparel, Backpack",true,Title,Default Title,,,,,,0.0,shopify,90,deny,manual,90.00,,true,true,,https://cdn.shopify.com/s/files/1/0868/6875/4710/files/product-12-1-1_0b0e15c8-1787-4b29-85cf-02cba2644096.jpg?v=1714975555,1,"",false,,,,,,,,,,,,,,,kg,,,true,,,true,,,active
boat-multi-channel-brown-headphone-in-stock,,,,,,,,,,,,,,,,,,,,,,,,,https://cdn.shopify.com/s/files/1/0868/6875/4710/files/product-3-1-1_f9dbf06a-92d7-466f-ad5a-bc76c96f1a0d.jpg?v=1714975555,2,"",,,,,,,,,,,,,,,,,,,,,,,,,
boat-multi-channel-brown-headphone-in-stock,,,,,,,,,,,,,,,,,,,,,,,,,https://cdn.shopify.com/s/files/1/0868/6875/4710/files/product-3-2_fff11966-bac2-4e3b-98c0-ecb0d3c324ed.jpg?v=1714975555,3,"",,,,,,,,,,,,,,,,,,,,,,,,,
apple-watch-valet-green-for-kids,Apple Watch Valet Green For kids vibrant entertainmen,"<div class=""col-xl-10"">
<div class=""tp-product-details-desc-item pb-105"">
<div class=""row"">
<div class=""col-lg-6"">
<div class=""tp-product-details-desc-content pt-25"">
<span>Galaxy A8 tablet</span>
<h3 class=""tp-product-details-desc-title"">Your world at a glance</h3>
<p>With a slim design, a vibrant entertainment system, and <br>outstanding performance, the new Galaxy Tab A7 is a stylish new <br>companion for your life.Dive head-first into the things you love, <br>and easily share your favorite moments. Learn, explore, connect <br>and be inspired.</p>
</div>
<div class=""tp-product-details-desc-content"">
<h3 class=""tp-product-details-desc-title"">Draw inspiration with S Pen</h3>
<p>S Pen is a bundle of writing instruments in one. Its natural grip, <br>low latency and impressive pressure sensitivity will make it your go-to for everything from drawing to editing documents. And S Pen won't get misplaced thanks.</p>
</div>
</div>
<div class=""col-lg-6"">
<div class=""tp-product-details-desc-thumb""><img alt="""" src=""https://cdn.shopify.com/s/files/1/0670/2301/2064/files/product-details-desc-1.jpg?v=1706118695""></div>
</div>
</div>
</div>
<div class=""tp-product-details-desc-item  pb-75"">
<div class=""row"">
<div class=""col-lg-7"">
<div class=""tp-product-details-desc-thumb""><img alt="""" src=""https://cdn.shopify.com/s/files/1/0670/2301/2064/files/product-details-desc-2.jpg?v=1706118906""></div>
</div>
<div class=""col-lg-5 order-first order-lg-last"">
<div class=""tp-product-details-desc-content des-content-2 pl-40"">
<h3 class=""tp-product-details-desc-title"">Carry with <br>Confidence and style</h3>
<p>Wrap your tablet in a sleek case that's as stylish as it is convenient. Galaxy Tab S6 Lite Book Cover folds around and clings magnetically, so you can easily gear up as you're headed out the door. There's even a compartment for S pen, so you can be sure it doesn't get left behind.</p>
</div>
</div>
</div>
</div>
<div class=""tp-product-details-desc-item"">
<div class=""row"">
<div class=""col-xl-12"">
<div class=""tp-product-details-desc-banner text-center m-img"">
<h3 class=""tp-product-details-desc-banner-title tp-product-details-desc-title"">Speed Memory Power = Epic Races</h3>
<img alt="""" src=""https://cdn.shopify.com/s/files/1/0670/2301/2064/files/product-details-desc-3.jpg?v=1706118907"">
</div>
</div>
</div>
</div>
</div>",Shofy ecommerce,Apparel & Accessories > Jewelry > Watches,watch,"apple, Men's Fashion, watch",true,Color,green,,,,,"",0.0,shopify,999,deny,manual,199.00,,true,true,"",https://cdn.shopify.com/s/files/1/0868/6875/4710/files/product-22-1.jpg?v=1714975550,1,"",false,,,,,,,,,,,,,,https://cdn.shopify.com/s/files/1/0868/6875/4710/files/product-22-1.jpg?v=1714975550,kg,,,true,,,true,,,active
apple-watch-valet-green-for-kids,,,,,,,,,black,,,,,"",0.0,shopify,999,deny,manual,299.00,,true,true,"",https://cdn.shopify.com/s/files/1/0868/6875/4710/files/product-2-1-1_acf534c7-f3db-434c-99a8-5d8371b89323.jpg?v=1714975550,2,"",,,,,,,,,,,,,,,https://cdn.shopify.com/s/files/1/0868/6875/4710/files/product-2-1-1_acf534c7-f3db-434c-99a8-5d8371b89323.jpg?v=1714975550,kg,,,,,,,,,
apple-watch-valet-green-for-kids,,,,,,,,,gray,,,,,"",0.0,shopify,999,deny,manual,239.00,,true,true,"",https://cdn.shopify.com/s/files/1/0868/6875/4710/files/product-2-2_8b28fb79-32ec-44dd-8517-6cd338171d91.jpg?v=1714975550,3,"",,,,,,,,,,,,,,,https://cdn.shopify.com/s/files/1/0868/6875/4710/files/product-2-2_8b28fb79-32ec-44dd-8517-6cd338171d91.jpg?v=1714975550,kg,,,,,,,,,
addidas-sports,"Addidas Sports With a slim design, a vibrant entertainment","<div class=""col-xl-10"">
<div class=""tp-product-details-desc-item pb-105"">
<div class=""row"">
<div class=""col-lg-6"">
<div class=""tp-product-details-desc-content pt-25"">
<span>Galaxy A8 tablet</span>
<h3 class=""tp-product-details-desc-title"">Your world at a glance</h3>
<p>With a slim design, a vibrant entertainment system, and <br> outstanding performance, the new Galaxy Tab A7 is a stylish new <br> companion for your life.Dive head-first into the things you love, <br> and easily share your favorite moments. Learn, explore, connect <br> and be inspired.</p>
</div>
<div class=""tp-product-details-desc-content"">
<h3 class=""tp-product-details-desc-title"">Draw inspiration with S Pen</h3>
<p>S Pen is a bundle of writing instruments in one. Its natural grip, <br> low latency and impressive pressure sensitivity will make it your go-to for everything from drawing to editing documents. And S Pen won't get misplaced thanks.</p>
</div>
</div>
<div class=""col-lg-6"">
<div class=""tp-product-details-desc-thumb""><img src=""https://cdn.shopify.com/s/files/1/0670/2301/2064/files/product-details-desc-1.jpg?v=1706118695"" alt=""""></div>
</div>
</div>
</div>
<div class=""tp-product-details-desc-item  pb-75"">
<div class=""row"">
<div class=""col-lg-7"">
<div class=""tp-product-details-desc-thumb""><img src=""https://cdn.shopify.com/s/files/1/0670/2301/2064/files/product-details-desc-2.jpg?v=1706118906"" alt=""""></div>
</div>
<div class=""col-lg-5 order-first order-lg-last"">
<div class=""tp-product-details-desc-content des-content-2 pl-40"">
<h3 class=""tp-product-details-desc-title"">Carry with <br> Confidence and style</h3>
<p>Wrap your tablet in a sleek case that's as stylish as it is convenient. Galaxy Tab S6 Lite Book Cover folds around and clings magnetically, so you can easily gear up as you're headed out the door. There's even a compartment for S pen, so you can be sure it doesn't get left behind.</p>
</div>
</div>
</div>
</div>
<div class=""tp-product-details-desc-item"">
<div class=""row"">
<div class=""col-xl-12"">
<div class=""tp-product-details-desc-banner text-center m-img"">
<h3 class=""tp-product-details-desc-banner-title tp-product-details-desc-title"">Speed Memory Power = Epic Races</h3>
<img src=""https://cdn.shopify.com/s/files/1/0670/2301/2064/files/product-details-desc-3.jpg?v=1706118907"" alt="""">
</div>
</div>
</div>
</div>
</div>",Shofy ecommerce,Apparel & Accessories > Shoes,Shoe,"shoe, Sportwear",true,Color,brown,,,,,"",0.0,shopify,699,deny,manual,299.00,,true,true,"",https://cdn.shopify.com/s/files/1/0868/6875/4710/files/product-3-7_3f3ab725-399c-461c-8f19-2f33bd512bbb.jpg?v=1714975545,1,"",false,,,,,,,,,,,,,,https://cdn.shopify.com/s/files/1/0868/6875/4710/files/product-3-7_3f3ab725-399c-461c-8f19-2f33bd512bbb.jpg?v=1714975545,kg,,,true,,,true,,,active
addidas-sports,,,,,,,,,SkyBlue,,,,,"",0.0,shopify,500,deny,manual,199.00,,true,true,"",https://cdn.shopify.com/s/files/1/0868/6875/4710/files/product-8-4_21a8bd0b-419d-460f-9bd4-b19f07a85ec5.jpg?v=1714975545,2,"",,,,,,,,,,,,,,,https://cdn.shopify.com/s/files/1/0868/6875/4710/files/product-21-2_30bdf5f1-a3bc-4255-84a5-8de28e4b98d4.jpg?v=1714975545,kg,,,,,,,,,
addidas-sports,,,,,,,,,Violet,,,,,"",0.0,shopify,300,deny,manual,99.00,,true,true,"",https://cdn.shopify.com/s/files/1/0868/6875/4710/files/product-21-2_30bdf5f1-a3bc-4255-84a5-8de28e4b98d4.jpg?v=1714975545,3,"",,,,,,,,,,,,,,,https://cdn.shopify.com/s/files/1/0868/6875/4710/files/product-8-4_21a8bd0b-419d-460f-9bd4-b19f07a85ec5.jpg?v=1714975545,kg,,,,,,,,,
womens-essentials-convertible,"Women's Essentials Convertible With a slim design,","<div class=""col-xl-10"">
<div class=""tp-product-details-desc-item pb-105"">
<div class=""row"">
<div class=""col-lg-6"">
<div class=""tp-product-details-desc-content pt-25"">
<span>Galaxy A8 tablet</span>
<h3 class=""tp-product-details-desc-title"">Your world at a glance</h3>
<p>With a slim design, a vibrant entertainment system, and <br> outstanding performance, the new Galaxy Tab A7 is a stylish new <br> companion for your life.Dive head-first into the things you love, <br> and easily share your favorite moments. Learn, explore, connect <br> and be inspired.</p>
</div>
<div class=""tp-product-details-desc-content"">
<h3 class=""tp-product-details-desc-title"">Draw inspiration with S Pen</h3>
<p>S Pen is a bundle of writing instruments in one. Its natural grip, <br> low latency and impressive pressure sensitivity will make it your go-to for everything from drawing to editing documents. And S Pen won't get misplaced thanks.</p>
</div>
</div>
<div class=""col-lg-6"">
<div class=""tp-product-details-desc-thumb""><img src=""https://cdn.shopify.com/s/files/1/0670/2301/2064/files/product-details-desc-1.jpg?v=1706118695"" alt=""""></div>
</div>
</div>
</div>
<div class=""tp-product-details-desc-item  pb-75"">
<div class=""row"">
<div class=""col-lg-7"">
<div class=""tp-product-details-desc-thumb""><img src=""https://cdn.shopify.com/s/files/1/0670/2301/2064/files/product-details-desc-2.jpg?v=1706118906"" alt=""""></div>
</div>
<div class=""col-lg-5 order-first order-lg-last"">
<div class=""tp-product-details-desc-content des-content-2 pl-40"">
<h3 class=""tp-product-details-desc-title"">Carry with <br> Confidence and style</h3>
<p>Wrap your tablet in a sleek case that's as stylish as it is convenient. Galaxy Tab S6 Lite Book Cover folds around and clings magnetically, so you can easily gear up as you're headed out the door. There's even a compartment for S pen, so you can be sure it doesn't get left behind.</p>
</div>
</div>
</div>
</div>
<div class=""tp-product-details-desc-item"">
<div class=""row"">
<div class=""col-xl-12"">
<div class=""tp-product-details-desc-banner text-center m-img"">
<h3 class=""tp-product-details-desc-banner-title tp-product-details-desc-title"">Speed Memory Power = Epic Races</h3>
<img src=""https://cdn.shopify.com/s/files/1/0670/2301/2064/files/product-details-desc-3.jpg?v=1706118907"" alt="""">
</div>
</div>
</div>
</div>
</div>",Shofy ecommerce,Apparel & Accessories > Shoes,Shoe,"Men's Fashion, offers, shoe, Women's Fashion",true,Color,pink,,,,,"",0.0,shopify,350,deny,manual,450.00,,true,true,"",https://cdn.shopify.com/s/files/1/0868/6875/4710/files/product-11-4.jpg?v=1714975541,1,"",false,,,,,,,,,,,,,,,kg,,,true,,,true,,,active
womens-essentials-convertible,,,,,,,,,yellow,,,,,"",0.0,shopify,350,deny,manual,450.00,,true,true,"",,,,,,,,,,,,,,,,,,https://cdn.shopify.com/s/files/1/0868/6875/4710/files/product-11-4.jpg?v=1714975541,kg,,,,,,,,,
legendary-whitetails-mens,"Legendary Whitetails Men's.With a slim design, a vibrant .","<div class=""col-xl-10"">
<div class=""tp-product-details-desc-item pb-105"">
<div class=""row"">
<div class=""col-lg-6"">
<div class=""tp-product-details-desc-content pt-25"">
<span>Galaxy A8 tablet</span>
<h3 class=""tp-product-details-desc-title"">Your world at a glance</h3>
<p>With a slim design, a vibrant entertainment system, and <br>outstanding performance, the new Galaxy Tab A7 is a stylish new <br>companion for your life.Dive head-first into the things you love, <br>and easily share your favorite moments. Learn, explore, connect <br>and be inspired.</p>
</div>
<div class=""tp-product-details-desc-content"">
<h3 class=""tp-product-details-desc-title"">Draw inspiration with S Pen</h3>
<p>S Pen is a bundle of writing instruments in one. Its natural grip, <br>low latency and impressive pressure sensitivity will make it your go-to for everything from drawing to editing documents. And S Pen won't get misplaced thanks.</p>
</div>
</div>
<div class=""col-lg-6"">
<div class=""tp-product-details-desc-thumb""><img src=""https://cdn.shopify.com/s/files/1/0670/2301/2064/files/product-details-desc-1.jpg?v=1706118695"" alt=""""></div>
</div>
</div>
</div>
<div class=""tp-product-details-desc-item  pb-75"">
<div class=""row"">
<div class=""col-lg-7"">
<div class=""tp-product-details-desc-thumb""><img src=""https://cdn.shopify.com/s/files/1/0670/2301/2064/files/product-details-desc-2.jpg?v=1706118906"" alt=""""></div>
</div>
<div class=""col-lg-5 order-first order-lg-last"">
<div class=""tp-product-details-desc-content des-content-2 pl-40"">
<h3 class=""tp-product-details-desc-title"">Carry with <br>Confidence and style</h3>
<p>Wrap your tablet in a sleek case that's as stylish as it is convenient. Galaxy Tab S6 Lite Book Cover folds around and clings magnetically, so you can easily gear up as you're headed out the door. There's even a compartment for S pen, so you can be sure it doesn't get left behind.</p>
</div>
</div>
</div>
</div>
<div class=""tp-product-details-desc-item"">
<div class=""row"">
<div class=""col-xl-12"">
<div class=""tp-product-details-desc-banner text-center m-img"">
<h3 class=""tp-product-details-desc-banner-title tp-product-details-desc-title"">Speed Memory Power = Epic Races</h3>
<img src=""https://cdn.shopify.com/s/files/1/0670/2301/2064/files/product-details-desc-3.jpg?v=1706118907"" alt="""">
</div>
</div>
</div>
</div>
</div>",themepure,Apparel & Accessories > Clothing,Dress,"cloths, Women's Fashion",true,Color,gray,Size,M,,,"",0.0,shopify,300,deny,manual,300.00,,true,true,"",https://cdn.shopify.com/s/files/1/0868/6875/4710/files/product-12-3.jpg?v=1714975539,1,"",false,,,,,,,,,,,,,,https://cdn.shopify.com/s/files/1/0868/6875/4710/files/product-12-3.jpg?v=1714975539,kg,,,true,,,true,,,active
legendary-whitetails-mens,,,,,,,,,red,,M,,,"",0.0,shopify,299,deny,manual,350.00,,true,true,"",https://cdn.shopify.com/s/files/1/0868/6875/4710/files/product-15-2.jpg?v=1714975539,2,"",,,,,,,,,,,,,,,https://cdn.shopify.com/s/files/1/0868/6875/4710/files/product-16-2.jpg?v=1714975539,kg,,,,,,,,,
legendary-whitetails-mens,,,,,,,,,,,,,,,,,,,,,,,,,https://cdn.shopify.com/s/files/1/0868/6875/4710/files/product-16-2.jpg?v=1714975539,3,"",,,,,,,,,,,,,,,,,,,,,,,,,
whitetails-womens-open-sky,"Whitetails Women's Open Sky vibrant entertainment system,","<div class=""col-xl-10"">
<div class=""tp-product-details-desc-item pb-105"">
<div class=""row"">
<div class=""col-lg-6"">
<div class=""tp-product-details-desc-content pt-25"">
<span>Galaxy A8 tablet</span>
<h3 class=""tp-product-details-desc-title"">Your world at a glance</h3>
<p>With a slim design, a vibrant entertainment system, and <br> outstanding performance, the new Galaxy Tab A7 is a stylish new <br> companion for your life.Dive head-first into the things you love, <br> and easily share your favorite moments. Learn, explore, connect <br> and be inspired.</p>
</div>
<div class=""tp-product-details-desc-content"">
<h3 class=""tp-product-details-desc-title"">Draw inspiration with S Pen</h3>
<p>S Pen is a bundle of writing instruments in one. Its natural grip, <br> low latency and impressive pressure sensitivity will make it your go-to for everything from drawing to editing documents. And S Pen won't get misplaced thanks.</p>
</div>
</div>
<div class=""col-lg-6"">
<div class=""tp-product-details-desc-thumb""><img src=""https://cdn.shopify.com/s/files/1/0670/2301/2064/files/product-details-desc-1.jpg?v=1706118695"" alt=""""></div>
</div>
</div>
</div>
<div class=""tp-product-details-desc-item  pb-75"">
<div class=""row"">
<div class=""col-lg-7"">
<div class=""tp-product-details-desc-thumb""><img src=""https://cdn.shopify.com/s/files/1/0670/2301/2064/files/product-details-desc-2.jpg?v=1706118906"" alt=""""></div>
</div>
<div class=""col-lg-5 order-first order-lg-last"">
<div class=""tp-product-details-desc-content des-content-2 pl-40"">
<h3 class=""tp-product-details-desc-title"">Carry with <br> Confidence and style</h3>
<p>Wrap your tablet in a sleek case that's as stylish as it is convenient. Galaxy Tab S6 Lite Book Cover folds around and clings magnetically, so you can easily gear up as you're headed out the door. There's even a compartment for S pen, so you can be sure it doesn't get left behind.</p>
</div>
</div>
</div>
</div>
<div class=""tp-product-details-desc-item"">
<div class=""row"">
<div class=""col-xl-12"">
<div class=""tp-product-details-desc-banner text-center m-img"">
<h3 class=""tp-product-details-desc-banner-title tp-product-details-desc-title"">Speed Memory Power = Epic Races</h3>
<img src=""https://cdn.shopify.com/s/files/1/0670/2301/2064/files/product-details-desc-3.jpg?v=1706118907"" alt="""">
</div>
</div>
</div>
</div>
</div>",Shofy ecommerce,Apparel & Accessories > Clothing > Shirts & Tops,Dress,"",true,Color,Green,,,,,"",100.0,shopify,40,deny,manual,400.00,200.00,true,true,"",https://cdn.shopify.com/s/files/1/0868/6875/4710/files/product-15-2_b4e3c753-5d78-433a-b1bf-f13faf8d2ac7.jpg?v=1714975534,1,"",false,,,,,,,,,,,,,,https://cdn.shopify.com/s/files/1/0868/6875/4710/files/product-15-2_b4e3c753-5d78-433a-b1bf-f13faf8d2ac7.jpg?v=1714975534,g,,,true,,,true,,,active
whitetails-womens-open-sky,,,,,,,,,Pink,,,,,"",100.0,shopify,40,deny,manual,300.00,200.00,true,true,"",https://cdn.shopify.com/s/files/1/0868/6875/4710/files/product-16-2_592bdc9e-575c-42a3-8e32-c1d119ca39e6.jpg?v=1714975534,2,"",,,,,,,,,,,,,,,https://cdn.shopify.com/s/files/1/0868/6875/4710/files/product-17-2_10edf385-8322-4738-aea2-a8ca40a4df37.jpg?v=1714975534,g,,,,,,,,,
whitetails-womens-open-sky,,,,,,,,,,,,,,,,,,,,,,,,,https://cdn.shopify.com/s/files/1/0868/6875/4710/files/product-17-2_10edf385-8322-4738-aea2-a8ca40a4df37.jpg?v=1714975534,3,"",,,,,,,,,,,,,,,,,,,,,,,,,
mega-waterproof-concealer-125-bisque,Mega Waterproof Concealer,"<div class=""col-xl-10"">
<div class=""tp-product-details-desc-item pb-105"">
<div class=""row"">
<div class=""col-lg-6"">
<div class=""tp-product-details-desc-content pt-25"">
<span>Galaxy A8 tablet</span>
<h3 class=""tp-product-details-desc-title"">Your world at a glance</h3>
<p>With a slim design, a vibrant entertainment system, and <br>outstanding performance, the new Galaxy Tab A7 is a stylish new <br>companion for your life.Dive head-first into the things you love, <br>and easily share your favorite moments. Learn, explore, connect <br>and be inspired.</p>
</div>
<div class=""tp-product-details-desc-content"">
<h3 class=""tp-product-details-desc-title"">Draw inspiration with S Pen</h3>
<p>S Pen is a bundle of writing instruments in one. Its natural grip, <br>low latency and impressive pressure sensitivity will make it your go-to for everything from drawing to editing documents. And S Pen won't get misplaced thanks.</p>
</div>
</div>
<div class=""col-lg-6"">
<div class=""tp-product-details-desc-thumb""><img alt="""" src=""https://cdn.shopify.com/s/files/1/0670/2301/2064/files/product-details-desc-1.jpg?v=1706118695""></div>
</div>
</div>
</div>
<div class=""tp-product-details-desc-item  pb-75"">
<div class=""row"">
<div class=""col-lg-7"">
<div class=""tp-product-details-desc-thumb""><img alt="""" src=""https://cdn.shopify.com/s/files/1/0670/2301/2064/files/product-details-desc-2.jpg?v=1706118906""></div>
</div>
<div class=""col-lg-5 order-first order-lg-last"">
<div class=""tp-product-details-desc-content des-content-2 pl-40"">
<h3 class=""tp-product-details-desc-title"">Carry with <br>Confidence and style</h3>
<p>Wrap your tablet in a sleek case that's as stylish as it is convenient. Galaxy Tab S6 Lite Book Cover folds around and clings magnetically, so you can easily gear up as you're headed out the door. There's even a compartment for S pen, so you can be sure it doesn't get left behind.</p>
</div>
</div>
</div>
</div>
<div class=""tp-product-details-desc-item"">
<div class=""row"">
<div class=""col-xl-12"">
<div class=""tp-product-details-desc-banner text-center m-img"">
<h3 class=""tp-product-details-desc-banner-title tp-product-details-desc-title"">Speed Memory Power = Epic Races</h3>
<img alt="""" src=""https://cdn.shopify.com/s/files/1/0670/2301/2064/files/product-details-desc-3.jpg?v=1706118907"">
</div>
</div>
</div>
</div>
</div>",Shofy,Health & Beauty > Personal Care > Cosmetics > Perfume & Cologne,perfume,"beauty, Lip care, skincare",true,Title,Default Title,,,,,,0.0,shopify,90,deny,manual,128.00,,true,false,,https://cdn.shopify.com/s/files/1/0868/6875/4710/files/product-7_4c1e375b-0a23-4da5-819c-2ac4acb4f02b.jpg?v=1715764929,1,"",false,,,,,,,,,,,,,,,kg,,,true,,,true,,,active
mega-waterproof-concealer-125-bisque,,,,,,,,,,,,,,,,,,,,,,,,,https://cdn.shopify.com/s/files/1/0868/6875/4710/files/product-10_12a7c05f-e973-4ef2-b31e-c388465d24f1.jpg?v=1710923195,2,"",,,,,,,,,,,,,,,,,,,,,,,,,
crushed-liquid-lip-cherry-crush,Crushed Liquid Lip - Cherry Crush,"<div class=""col-xl-10"">
<div class=""tp-product-details-desc-item pb-105"">
<div class=""row"">
<div class=""col-lg-6"">
<div class=""tp-product-details-desc-content pt-25"">
<span>Galaxy A8 tablet</span>
<h3 class=""tp-product-details-desc-title"">Your world at a glance</h3>
<p>With a slim design, a vibrant entertainment system, and <br>outstanding performance, the new Galaxy Tab A7 is a stylish new <br>companion for your life.Dive head-first into the things you love, <br>and easily share your favorite moments. Learn, explore, connect <br>and be inspired.</p>
</div>
<div class=""tp-product-details-desc-content"">
<h3 class=""tp-product-details-desc-title"">Draw inspiration with S Pen</h3>
<p>S Pen is a bundle of writing instruments in one. Its natural grip, <br>low latency and impressive pressure sensitivity will make it your go-to for everything from drawing to editing documents. And S Pen won't get misplaced thanks.</p>
</div>
</div>
<div class=""col-lg-6"">
<div class=""tp-product-details-desc-thumb""><img alt="""" src=""https://cdn.shopify.com/s/files/1/0670/2301/2064/files/product-details-desc-1.jpg?v=1706118695""></div>
</div>
</div>
</div>
<div class=""tp-product-details-desc-item  pb-75"">
<div class=""row"">
<div class=""col-lg-7"">
<div class=""tp-product-details-desc-thumb""><img alt="""" src=""https://cdn.shopify.com/s/files/1/0670/2301/2064/files/product-details-desc-2.jpg?v=1706118906""></div>
</div>
<div class=""col-lg-5 order-first order-lg-last"">
<div class=""tp-product-details-desc-content des-content-2 pl-40"">
<h3 class=""tp-product-details-desc-title"">Carry with <br>Confidence and style</h3>
<p>Wrap your tablet in a sleek case that's as stylish as it is convenient. Galaxy Tab S6 Lite Book Cover folds around and clings magnetically, so you can easily gear up as you're headed out the door. There's even a compartment for S pen, so you can be sure it doesn't get left behind.</p>
</div>
</div>
</div>
</div>
<div class=""tp-product-details-desc-item"">
<div class=""row"">
<div class=""col-xl-12"">
<div class=""tp-product-details-desc-banner text-center m-img"">
<h3 class=""tp-product-details-desc-banner-title tp-product-details-desc-title"">Speed Memory Power = Epic Races</h3>
<img alt="""" src=""https://cdn.shopify.com/s/files/1/0670/2301/2064/files/product-details-desc-3.jpg?v=1706118907"">
</div>
</div>
</div>
</div>
</div>",Shofy,Health & Beauty > Personal Care > Cosmetics > Perfume & Cologne,perfume,"beauty, Lip care, skincare",true,Title,Default Title,,,,,,0.0,shopify,90,deny,manual,244.00,,true,false,,https://cdn.shopify.com/s/files/1/0868/6875/4710/files/product-3_04f7a2a7-2346-4bf9-abd0-cdc7c98d9dba.jpg?v=1715765209,1,"",false,,,,,,,,,,,,,,,kg,,,true,,,true,,,active
crushed-liquid-lip-cherry-crush,,,,,,,,,,,,,,,,,,,,,,,,,https://cdn.shopify.com/s/files/1/0868/6875/4710/files/product-10_edfc4232-0bc5-4d08-9987-93824441a14f.jpg?v=1715765209,2,"",,,,,,,,,,,,,,,,,,,,,,,,,
crushed-liquid-lip-cherry-crush,,,,,,,,,,,,,,,,,,,,,,,,,https://cdn.shopify.com/s/files/1/0868/6875/4710/files/product-12_50b551a5-c0a4-42c3-a70b-c4bd9a29b5c8.jpg?v=1715765209,3,"",,,,,,,,,,,,,,,,,,,,,,,,,
matte-liquid-lipstick-lip-liner,Matte Liquid Lipstick & Lip Liner,"<div class=""col-xl-10"">
<div class=""tp-product-details-desc-item pb-105"">
<div class=""row"">
<div class=""col-lg-6"">
<div class=""tp-product-details-desc-content pt-25"">
<span>Galaxy A8 tablet</span>
<h3 class=""tp-product-details-desc-title"">Your world at a glance</h3>
<p>With a slim design, a vibrant entertainment system, and <br>outstanding performance, the new Galaxy Tab A7 is a stylish new <br>companion for your life.Dive head-first into the things you love, <br>and easily share your favorite moments. Learn, explore, connect <br>and be inspired.</p>
</div>
<div class=""tp-product-details-desc-content"">
<h3 class=""tp-product-details-desc-title"">Draw inspiration with S Pen</h3>
<p>S Pen is a bundle of writing instruments in one. Its natural grip, <br>low latency and impressive pressure sensitivity will make it your go-to for everything from drawing to editing documents. And S Pen won't get misplaced thanks.</p>
</div>
</div>
<div class=""col-lg-6"">
<div class=""tp-product-details-desc-thumb""><img alt="""" src=""https://cdn.shopify.com/s/files/1/0670/2301/2064/files/product-details-desc-1.jpg?v=1706118695""></div>
</div>
</div>
</div>
<div class=""tp-product-details-desc-item  pb-75"">
<div class=""row"">
<div class=""col-lg-7"">
<div class=""tp-product-details-desc-thumb""><img alt="""" src=""https://cdn.shopify.com/s/files/1/0670/2301/2064/files/product-details-desc-2.jpg?v=1706118906""></div>
</div>
<div class=""col-lg-5 order-first order-lg-last"">
<div class=""tp-product-details-desc-content des-content-2 pl-40"">
<h3 class=""tp-product-details-desc-title"">Carry with <br>Confidence and style</h3>
<p>Wrap your tablet in a sleek case that's as stylish as it is convenient. Galaxy Tab S6 Lite Book Cover folds around and clings magnetically, so you can easily gear up as you're headed out the door. There's even a compartment for S pen, so you can be sure it doesn't get left behind.</p>
</div>
</div>
</div>
</div>
<div class=""tp-product-details-desc-item"">
<div class=""row"">
<div class=""col-xl-12"">
<div class=""tp-product-details-desc-banner text-center m-img"">
<h3 class=""tp-product-details-desc-banner-title tp-product-details-desc-title"">Speed Memory Power = Epic Races</h3>
<img alt="""" src=""https://cdn.shopify.com/s/files/1/0670/2301/2064/files/product-details-desc-3.jpg?v=1706118907"">
</div>
</div>
</div>
</div>
</div>",Shofy,Health & Beauty > Personal Care > Cosmetics > Perfume & Cologne,perfume,"beauty, Lip care, skincare",true,Title,Default Title,,,,,,0.0,shopify,90,deny,manual,210.00,,true,false,,https://cdn.shopify.com/s/files/1/0868/6875/4710/files/product-12_aa47c010-d46c-40fd-903c-71baf3946078.jpg?v=1715765226,1,"",false,,,,,,,,,,,,,,,kg,,,true,,,true,,,active
matte-liquid-lipstick-lip-liner,,,,,,,,,,,,,,,,,,,,,,,,,https://cdn.shopify.com/s/files/1/0868/6875/4710/files/product-4_f509c945-b7f8-4038-9ab4-3f04ec4cd77a.jpg?v=1715765226,2,"",,,,,,,,,,,,,,,,,,,,,,,,,
matte-liquid-lipstick-lip-liner,,,,,,,,,,,,,,,,,,,,,,,,,https://cdn.shopify.com/s/files/1/0868/6875/4710/files/product-10_d55442b0-b1c3-4363-8e7a-53e028d99f14.jpg?v=1715765226,3,"",,,,,,,,,,,,,,,,,,,,,,,,,
resurfacing-exfoliating,Resurfacing Exfoliating,"<div class=""col-xl-10"">
<div class=""tp-product-details-desc-item pb-105"">
<div class=""row"">
<div class=""col-lg-6"">
<div class=""tp-product-details-desc-content pt-25"">
<span>Galaxy A8 tablet</span>
<h3 class=""tp-product-details-desc-title"">Your world at a glance</h3>
<p>With a slim design, a vibrant entertainment system, and <br>outstanding performance, the new Galaxy Tab A7 is a stylish new <br>companion for your life.Dive head-first into the things you love, <br>and easily share your favorite moments. Learn, explore, connect <br>and be inspired.</p>
</div>
<div class=""tp-product-details-desc-content"">
<h3 class=""tp-product-details-desc-title"">Draw inspiration with S Pen</h3>
<p>S Pen is a bundle of writing instruments in one. Its natural grip, <br>low latency and impressive pressure sensitivity will make it your go-to for everything from drawing to editing documents. And S Pen won't get misplaced thanks.</p>
</div>
</div>
<div class=""col-lg-6"">
<div class=""tp-product-details-desc-thumb""><img alt="""" src=""https://cdn.shopify.com/s/files/1/0670/2301/2064/files/product-details-desc-1.jpg?v=1706118695""></div>
</div>
</div>
</div>
<div class=""tp-product-details-desc-item  pb-75"">
<div class=""row"">
<div class=""col-lg-7"">
<div class=""tp-product-details-desc-thumb""><img alt="""" src=""https://cdn.shopify.com/s/files/1/0670/2301/2064/files/product-details-desc-2.jpg?v=1706118906""></div>
</div>
<div class=""col-lg-5 order-first order-lg-last"">
<div class=""tp-product-details-desc-content des-content-2 pl-40"">
<h3 class=""tp-product-details-desc-title"">Carry with <br>Confidence and style</h3>
<p>Wrap your tablet in a sleek case that's as stylish as it is convenient. Galaxy Tab S6 Lite Book Cover folds around and clings magnetically, so you can easily gear up as you're headed out the door. There's even a compartment for S pen, so you can be sure it doesn't get left behind.</p>
</div>
</div>
</div>
</div>
<div class=""tp-product-details-desc-item"">
<div class=""row"">
<div class=""col-xl-12"">
<div class=""tp-product-details-desc-banner text-center m-img"">
<h3 class=""tp-product-details-desc-banner-title tp-product-details-desc-title"">Speed Memory Power = Epic Races</h3>
<img alt="""" src=""https://cdn.shopify.com/s/files/1/0670/2301/2064/files/product-details-desc-3.jpg?v=1706118907"">
</div>
</div>
</div>
</div>
</div>",Shofy,Health & Beauty > Personal Care > Cosmetics > Perfume & Cologne,perfume,"beauty, Lip care, skincare",true,Title,Default Title,,,,,,0.0,shopify,90,deny,manual,194.00,,true,false,,https://cdn.shopify.com/s/files/1/0868/6875/4710/files/product-12.jpg?v=1710922624,1,"",false,,,,,,,,,,,,,,,kg,,,true,,,true,,,active
resurfacing-exfoliating,,,,,,,,,,,,,,,,,,,,,,,,,https://cdn.shopify.com/s/files/1/0868/6875/4710/files/product-10.jpg?v=1710922624,2,"",,,,,,,,,,,,,,,,,,,,,,,,,
resurfacing-exfoliating,,,,,,,,,,,,,,,,,,,,,,,,,https://cdn.shopify.com/s/files/1/0868/6875/4710/files/product-13_552d6e9b-84d1-4657-ac90-b5ec9d724a17.jpg?v=1710922624,3,"",,,,,,,,,,,,,,,,,,,,,,,,,
correction-tinted-cream,Correction Tinted Cream,"<div class=""col-xl-10"">
<div class=""tp-product-details-desc-item pb-105"">
<div class=""row"">
<div class=""col-lg-6"">
<div class=""tp-product-details-desc-content pt-25"">
<span>Galaxy A8 tablet</span>
<h3 class=""tp-product-details-desc-title"">Your world at a glance</h3>
<p>With a slim design, a vibrant entertainment system, and <br>outstanding performance, the new Galaxy Tab A7 is a stylish new <br>companion for your life.Dive head-first into the things you love, <br>and easily share your favorite moments. Learn, explore, connect <br>and be inspired.</p>
</div>
<div class=""tp-product-details-desc-content"">
<h3 class=""tp-product-details-desc-title"">Draw inspiration with S Pen</h3>
<p>S Pen is a bundle of writing instruments in one. Its natural grip, <br>low latency and impressive pressure sensitivity will make it your go-to for everything from drawing to editing documents. And S Pen won't get misplaced thanks.</p>
</div>
</div>
<div class=""col-lg-6"">
<div class=""tp-product-details-desc-thumb""><img alt="""" src=""https://cdn.shopify.com/s/files/1/0670/2301/2064/files/product-details-desc-1.jpg?v=1706118695""></div>
</div>
</div>
</div>
<div class=""tp-product-details-desc-item  pb-75"">
<div class=""row"">
<div class=""col-lg-7"">
<div class=""tp-product-details-desc-thumb""><img alt="""" src=""https://cdn.shopify.com/s/files/1/0670/2301/2064/files/product-details-desc-2.jpg?v=1706118906""></div>
</div>
<div class=""col-lg-5 order-first order-lg-last"">
<div class=""tp-product-details-desc-content des-content-2 pl-40"">
<h3 class=""tp-product-details-desc-title"">Carry with <br>Confidence and style</h3>
<p>Wrap your tablet in a sleek case that's as stylish as it is convenient. Galaxy Tab S6 Lite Book Cover folds around and clings magnetically, so you can easily gear up as you're headed out the door. There's even a compartment for S pen, so you can be sure it doesn't get left behind.</p>
</div>
</div>
</div>
</div>
<div class=""tp-product-details-desc-item"">
<div class=""row"">
<div class=""col-xl-12"">
<div class=""tp-product-details-desc-banner text-center m-img"">
<h3 class=""tp-product-details-desc-banner-title tp-product-details-desc-title"">Speed Memory Power = Epic Races</h3>
<img alt="""" src=""https://cdn.shopify.com/s/files/1/0670/2301/2064/files/product-details-desc-3.jpg?v=1706118907"">
</div>
</div>
</div>
</div>
</div>",Shofy,Health & Beauty > Personal Care > Cosmetics > Perfume & Cologne,perfume,"beauty, Lip care, skincare",true,Title,Default Title,,,,,,0.0,shopify,90,deny,manual,214.00,,true,false,,https://cdn.shopify.com/s/files/1/0868/6875/4710/files/product-13_8cc894a4-2b47-4c9e-a4c4-ef88b374ce6a.jpg?v=1710922453,1,"",false,,,,,,,,,,,,,,,kg,,,true,,,true,,,active
correction-tinted-cream,,,,,,,,,,,,,,,,,,,,,,,,,https://cdn.shopify.com/s/files/1/0868/6875/4710/files/product-8jpg_094c6d3d-465b-4d04-8369-f73267e2dfdc.jpg?v=1710922453,2,"",,,,,,,,,,,,,,,,,,,,,,,,,
correction-tinted-cream,,,,,,,,,,,,,,,,,,,,,,,,,https://cdn.shopify.com/s/files/1/0868/6875/4710/files/product-9_ed34fe4d-b2b2-4616-a90f-0c494b78e8c8.jpg?v=1710922453,3,"",,,,,,,,,,,,,,,,,,,,,,,,,
correction-tinted-cream,,,,,,,,,,,,,,,,,,,,,,,,,https://cdn.shopify.com/s/files/1/0868/6875/4710/files/product-1-4_f7b94917-92cd-4dff-a221-1e4d8367b14f.jpg?v=1710922453,4,"",,,,,,,,,,,,,,,,,,,,,,,,,
anti-aging-wrinkle-for-adult,Anti aging wrinkle for adult,"<div class=""col-xl-10"">
<div class=""tp-product-details-desc-item pb-105"">
<div class=""row"">
<div class=""col-lg-6"">
<div class=""tp-product-details-desc-content pt-25"">
<span>Galaxy A8 tablet</span>
<h3 class=""tp-product-details-desc-title"">Your world at a glance</h3>
<p>With a slim design, a vibrant entertainment system, and <br>outstanding performance, the new Galaxy Tab A7 is a stylish new <br>companion for your life.Dive head-first into the things you love, <br>and easily share your favorite moments. Learn, explore, connect <br>and be inspired.</p>
</div>
<div class=""tp-product-details-desc-content"">
<h3 class=""tp-product-details-desc-title"">Draw inspiration with S Pen</h3>
<p>S Pen is a bundle of writing instruments in one. Its natural grip, <br>low latency and impressive pressure sensitivity will make it your go-to for everything from drawing to editing documents. And S Pen won't get misplaced thanks.</p>
</div>
</div>
<div class=""col-lg-6"">
<div class=""tp-product-details-desc-thumb""><img alt="""" src=""https://cdn.shopify.com/s/files/1/0670/2301/2064/files/product-details-desc-1.jpg?v=1706118695""></div>
</div>
</div>
</div>
<div class=""tp-product-details-desc-item  pb-75"">
<div class=""row"">
<div class=""col-lg-7"">
<div class=""tp-product-details-desc-thumb""><img alt="""" src=""https://cdn.shopify.com/s/files/1/0670/2301/2064/files/product-details-desc-2.jpg?v=1706118906""></div>
</div>
<div class=""col-lg-5 order-first order-lg-last"">
<div class=""tp-product-details-desc-content des-content-2 pl-40"">
<h3 class=""tp-product-details-desc-title"">Carry with <br>Confidence and style</h3>
<p>Wrap your tablet in a sleek case that's as stylish as it is convenient. Galaxy Tab S6 Lite Book Cover folds around and clings magnetically, so you can easily gear up as you're headed out the door. There's even a compartment for S pen, so you can be sure it doesn't get left behind.</p>
</div>
</div>
</div>
</div>
<div class=""tp-product-details-desc-item"">
<div class=""row"">
<div class=""col-xl-12"">
<div class=""tp-product-details-desc-banner text-center m-img"">
<h3 class=""tp-product-details-desc-banner-title tp-product-details-desc-title"">Speed Memory Power = Epic Races</h3>
<img alt="""" src=""https://cdn.shopify.com/s/files/1/0670/2301/2064/files/product-details-desc-3.jpg?v=1706118907"">
</div>
</div>
</div>
</div>
</div>",Shofy,Health & Beauty > Personal Care > Cosmetics > Perfume & Cologne,perfume,"beauty, Lip care, skincare",true,Title,Default Title,,,,,,0.0,shopify,90,deny,manual,394.00,,true,false,,https://cdn.shopify.com/s/files/1/0868/6875/4710/files/product-9.jpg?v=1710922384,1,"",false,,,,,,,,,,,,,,,kg,,,true,,,true,,,active
anti-aging-wrinkle-for-adult,,,,,,,,,,,,,,,,,,,,,,,,,https://cdn.shopify.com/s/files/1/0868/6875/4710/files/product-1-4_66db2ebc-5383-4ebb-bded-5a9eb8e18576.jpg?v=1710922384,2,"",,,,,,,,,,,,,,,,,,,,,,,,,
anti-aging-wrinkle-for-adult,,,,,,,,,,,,,,,,,,,,,,,,,https://cdn.shopify.com/s/files/1/0868/6875/4710/files/product-13.jpg?v=1710922378,3,"",,,,,,,,,,,,,,,,,,,,,,,,,
organic-face-sunscreen,Organic Face Sunscreen,"<div class=""col-xl-10"">
<div class=""tp-product-details-desc-item pb-105"">
<div class=""row"">
<div class=""col-lg-6"">
<div class=""tp-product-details-desc-content pt-25"">
<span>Galaxy A8 tablet</span>
<h3 class=""tp-product-details-desc-title"">Your world at a glance</h3>
<p>With a slim design, a vibrant entertainment system, and <br>outstanding performance, the new Galaxy Tab A7 is a stylish new <br>companion for your life.Dive head-first into the things you love, <br>and easily share your favorite moments. Learn, explore, connect <br>and be inspired.</p>
</div>
<div class=""tp-product-details-desc-content"">
<h3 class=""tp-product-details-desc-title"">Draw inspiration with S Pen</h3>
<p>S Pen is a bundle of writing instruments in one. Its natural grip, <br>low latency and impressive pressure sensitivity will make it your go-to for everything from drawing to editing documents. And S Pen won't get misplaced thanks.</p>
</div>
</div>
<div class=""col-lg-6"">
<div class=""tp-product-details-desc-thumb""><img alt="""" src=""https://cdn.shopify.com/s/files/1/0670/2301/2064/files/product-details-desc-1.jpg?v=1706118695""></div>
</div>
</div>
</div>
<div class=""tp-product-details-desc-item  pb-75"">
<div class=""row"">
<div class=""col-lg-7"">
<div class=""tp-product-details-desc-thumb""><img alt="""" src=""https://cdn.shopify.com/s/files/1/0670/2301/2064/files/product-details-desc-2.jpg?v=1706118906""></div>
</div>
<div class=""col-lg-5 order-first order-lg-last"">
<div class=""tp-product-details-desc-content des-content-2 pl-40"">
<h3 class=""tp-product-details-desc-title"">Carry with <br>Confidence and style</h3>
<p>Wrap your tablet in a sleek case that's as stylish as it is convenient. Galaxy Tab S6 Lite Book Cover folds around and clings magnetically, so you can easily gear up as you're headed out the door. There's even a compartment for S pen, so you can be sure it doesn't get left behind.</p>
</div>
</div>
</div>
</div>
<div class=""tp-product-details-desc-item"">
<div class=""row"">
<div class=""col-xl-12"">
<div class=""tp-product-details-desc-banner text-center m-img"">
<h3 class=""tp-product-details-desc-banner-title tp-product-details-desc-title"">Speed Memory Power = Epic Races</h3>
<img alt="""" src=""https://cdn.shopify.com/s/files/1/0670/2301/2064/files/product-details-desc-3.jpg?v=1706118907"">
</div>
</div>
</div>
</div>
</div>",Shofy,Health & Beauty > Personal Care > Cosmetics > Perfume & Cologne,perfume,beauty,true,Title,Default Title,,,,,,0.0,shopify,90,deny,manual,226.00,,true,false,,https://cdn.shopify.com/s/files/1/0868/6875/4710/files/product-3.jpg?v=1710922170,1,"",false,,,,,,,,,,,,,,,kg,,,true,,,true,,,active
organic-face-sunscreen,,,,,,,,,,,,,,,,,,,,,,,,,https://cdn.shopify.com/s/files/1/0868/6875/4710/files/product-1-4_354e0f87-cec9-4602-9cd6-e27fcad52c12.jpg?v=1710922170,2,"",,,,,,,,,,,,,,,,,,,,,,,,,
organic-face-sunscreen,,,,,,,,,,,,,,,,,,,,,,,,,https://cdn.shopify.com/s/files/1/0868/6875/4710/files/product-2_3cee2efc-3e36-4e59-bde2-3b94666cd9ef.jpg?v=1710922170,3,"",,,,,,,,,,,,,,,,,,,,,,,,,
pure-cosmetics-lip-gloss,Pure Cosmetics Lip Gloss,"<div class=""col-xl-10"">
<div class=""tp-product-details-desc-item pb-105"">
<div class=""row"">
<div class=""col-lg-6"">
<div class=""tp-product-details-desc-content pt-25"">
<span>Galaxy A8 tablet</span>
<h3 class=""tp-product-details-desc-title"">Your world at a glance</h3>
<p>With a slim design, a vibrant entertainment system, and <br>outstanding performance, the new Galaxy Tab A7 is a stylish new <br>companion for your life.Dive head-first into the things you love, <br>and easily share your favorite moments. Learn, explore, connect <br>and be inspired.</p>
</div>
<div class=""tp-product-details-desc-content"">
<h3 class=""tp-product-details-desc-title"">Draw inspiration with S Pen</h3>
<p>S Pen is a bundle of writing instruments in one. Its natural grip, <br>low latency and impressive pressure sensitivity will make it your go-to for everything from drawing to editing documents. And S Pen won't get misplaced thanks.</p>
</div>
</div>
<div class=""col-lg-6"">
<div class=""tp-product-details-desc-thumb""><img alt="""" src=""https://cdn.shopify.com/s/files/1/0670/2301/2064/files/product-details-desc-1.jpg?v=1706118695""></div>
</div>
</div>
</div>
<div class=""tp-product-details-desc-item  pb-75"">
<div class=""row"">
<div class=""col-lg-7"">
<div class=""tp-product-details-desc-thumb""><img alt="""" src=""https://cdn.shopify.com/s/files/1/0670/2301/2064/files/product-details-desc-2.jpg?v=1706118906""></div>
</div>
<div class=""col-lg-5 order-first order-lg-last"">
<div class=""tp-product-details-desc-content des-content-2 pl-40"">
<h3 class=""tp-product-details-desc-title"">Carry with <br>Confidence and style</h3>
<p>Wrap your tablet in a sleek case that's as stylish as it is convenient. Galaxy Tab S6 Lite Book Cover folds around and clings magnetically, so you can easily gear up as you're headed out the door. There's even a compartment for S pen, so you can be sure it doesn't get left behind.</p>
</div>
</div>
</div>
</div>
<div class=""tp-product-details-desc-item"">
<div class=""row"">
<div class=""col-xl-12"">
<div class=""tp-product-details-desc-banner text-center m-img"">
<h3 class=""tp-product-details-desc-banner-title tp-product-details-desc-title"">Speed Memory Power = Epic Races</h3>
<img alt="""" src=""https://cdn.shopify.com/s/files/1/0670/2301/2064/files/product-details-desc-3.jpg?v=1706118907"">
</div>
</div>
</div>
</div>
</div>",Shofy,Health & Beauty > Personal Care > Cosmetics > Perfume & Cologne,perfume,beauty,true,Title,Default Title,,,,,,0.0,shopify,90,deny,manual,126.00,,true,false,,https://cdn.shopify.com/s/files/1/0868/6875/4710/files/product-4.jpg?v=1710922102,1,"",false,,,,,,,,,,,,,,,kg,,,true,,,true,,,active
pure-cosmetics-lip-gloss,,,,,,,,,,,,,,,,,,,,,,,,,https://cdn.shopify.com/s/files/1/0868/6875/4710/files/product-2.jpg?v=1710922102,2,"",,,,,,,,,,,,,,,,,,,,,,,,,
pure-cosmetics-lip-gloss,,,,,,,,,,,,,,,,,,,,,,,,,https://cdn.shopify.com/s/files/1/0868/6875/4710/files/product-1-4_57b3c806-7321-48e5-b9d8-b6a2383deeb8.jpg?v=1710922102,3,"",,,,,,,,,,,,,,,,,,,,,,,,,
mineral-matte-finishing,Mineral Matte Finishing,"<div class=""col-xl-10"">
<div class=""tp-product-details-desc-item pb-105"">
<div class=""row"">
<div class=""col-lg-6"">
<div class=""tp-product-details-desc-content pt-25"">
<span>Galaxy A8 tablet</span>
<h3 class=""tp-product-details-desc-title"">Your world at a glance</h3>
<p>With a slim design, a vibrant entertainment system, and <br>outstanding performance, the new Galaxy Tab A7 is a stylish new <br>companion for your life.Dive head-first into the things you love, <br>and easily share your favorite moments. Learn, explore, connect <br>and be inspired.</p>
</div>
<div class=""tp-product-details-desc-content"">
<h3 class=""tp-product-details-desc-title"">Draw inspiration with S Pen</h3>
<p>S Pen is a bundle of writing instruments in one. Its natural grip, <br>low latency and impressive pressure sensitivity will make it your go-to for everything from drawing to editing documents. And S Pen won't get misplaced thanks.</p>
</div>
</div>
<div class=""col-lg-6"">
<div class=""tp-product-details-desc-thumb""><img alt="""" src=""https://cdn.shopify.com/s/files/1/0670/2301/2064/files/product-details-desc-1.jpg?v=1706118695""></div>
</div>
</div>
</div>
<div class=""tp-product-details-desc-item  pb-75"">
<div class=""row"">
<div class=""col-lg-7"">
<div class=""tp-product-details-desc-thumb""><img alt="""" src=""https://cdn.shopify.com/s/files/1/0670/2301/2064/files/product-details-desc-2.jpg?v=1706118906""></div>
</div>
<div class=""col-lg-5 order-first order-lg-last"">
<div class=""tp-product-details-desc-content des-content-2 pl-40"">
<h3 class=""tp-product-details-desc-title"">Carry with <br>Confidence and style</h3>
<p>Wrap your tablet in a sleek case that's as stylish as it is convenient. Galaxy Tab S6 Lite Book Cover folds around and clings magnetically, so you can easily gear up as you're headed out the door. There's even a compartment for S pen, so you can be sure it doesn't get left behind.</p>
</div>
</div>
</div>
</div>
<div class=""tp-product-details-desc-item"">
<div class=""row"">
<div class=""col-xl-12"">
<div class=""tp-product-details-desc-banner text-center m-img"">
<h3 class=""tp-product-details-desc-banner-title tp-product-details-desc-title"">Speed Memory Power = Epic Races</h3>
<img alt="""" src=""https://cdn.shopify.com/s/files/1/0670/2301/2064/files/product-details-desc-3.jpg?v=1706118907"">
</div>
</div>
</div>
</div>
</div>",Shofy,Health & Beauty > Personal Care > Cosmetics > Perfume & Cologne,perfume,beauty,true,Title,Default Title,,,,,,0.0,shopify,90,deny,manual,134.00,,true,false,,https://cdn.shopify.com/s/files/1/0868/6875/4710/files/product-6_355caaa3-1ab3-4a55-84b3-8479cb0ed005.jpg?v=1710921235,1,"",false,,,,,,,,,,,,,,,kg,,,true,,,true,,,active
mineral-matte-finishing,,,,,,,,,,,,,,,,,,,,,,,,,https://cdn.shopify.com/s/files/1/0868/6875/4710/files/product-5_f8df7dfd-3d25-4162-8251-1c1374b70e68.jpg?v=1710921235,2,"",,,,,,,,,,,,,,,,,,,,,,,,,
mineral-matte-finishing,,,,,,,,,,,,,,,,,,,,,,,,,https://cdn.shopify.com/s/files/1/0868/6875/4710/files/product-1-4_b654907b-e984-4b60-8bdb-0620a7a974f4.jpg?v=1710921235,3,"",,,,,,,,,,,,,,,,,,,,,,,,,
mineral-matte-finishing,,,,,,,,,,,,,,,,,,,,,,,,,https://cdn.shopify.com/s/files/1/0868/6875/4710/files/product-7_0b802e9a-75fe-4b53-84e2-7dac1fcbf73f.jpg?v=1710921235,4,"",,,,,,,,,,,,,,,,,,,,,,,,,
retinol-value-set-duo,Retinol Value Set Duo,"<div class=""col-xl-10"">
<div class=""tp-product-details-desc-item pb-105"">
<div class=""row"">
<div class=""col-lg-6"">
<div class=""tp-product-details-desc-content pt-25"">
<span>Galaxy A8 tablet</span>
<h3 class=""tp-product-details-desc-title"">Your world at a glance</h3>
<p>With a slim design, a vibrant entertainment system, and <br>outstanding performance, the new Galaxy Tab A7 is a stylish new <br>companion for your life.Dive head-first into the things you love, <br>and easily share your favorite moments. Learn, explore, connect <br>and be inspired.</p>
</div>
<div class=""tp-product-details-desc-content"">
<h3 class=""tp-product-details-desc-title"">Draw inspiration with S Pen</h3>
<p>S Pen is a bundle of writing instruments in one. Its natural grip, <br>low latency and impressive pressure sensitivity will make it your go-to for everything from drawing to editing documents. And S Pen won't get misplaced thanks.</p>
</div>
</div>
<div class=""col-lg-6"">
<div class=""tp-product-details-desc-thumb""><img alt="""" src=""https://cdn.shopify.com/s/files/1/0670/2301/2064/files/product-details-desc-1.jpg?v=1706118695""></div>
</div>
</div>
</div>
<div class=""tp-product-details-desc-item  pb-75"">
<div class=""row"">
<div class=""col-lg-7"">
<div class=""tp-product-details-desc-thumb""><img alt="""" src=""https://cdn.shopify.com/s/files/1/0670/2301/2064/files/product-details-desc-2.jpg?v=1706118906""></div>
</div>
<div class=""col-lg-5 order-first order-lg-last"">
<div class=""tp-product-details-desc-content des-content-2 pl-40"">
<h3 class=""tp-product-details-desc-title"">Carry with <br>Confidence and style</h3>
<p>Wrap your tablet in a sleek case that's as stylish as it is convenient. Galaxy Tab S6 Lite Book Cover folds around and clings magnetically, so you can easily gear up as you're headed out the door. There's even a compartment for S pen, so you can be sure it doesn't get left behind.</p>
</div>
</div>
</div>
</div>
<div class=""tp-product-details-desc-item"">
<div class=""row"">
<div class=""col-xl-12"">
<div class=""tp-product-details-desc-banner text-center m-img"">
<h3 class=""tp-product-details-desc-banner-title tp-product-details-desc-title"">Speed Memory Power = Epic Races</h3>
<img alt="""" src=""https://cdn.shopify.com/s/files/1/0670/2301/2064/files/product-details-desc-3.jpg?v=1706118907"">
</div>
</div>
</div>
</div>
</div>",Shofy,Health & Beauty > Personal Care > Cosmetics > Perfume & Cologne,perfume,"beauty, Lip care, skincare",true,Title,Default Title,,,,,,0.0,shopify,90,deny,manual,194.00,,true,false,,https://cdn.shopify.com/s/files/1/0868/6875/4710/files/product-5_786b2877-9ea4-4093-8a95-b077a5e348f8.jpg?v=1710921196,1,"",false,,,,,,,,,,,,,,,kg,,,true,,,true,,,active
retinol-value-set-duo,,,,,,,,,,,,,,,,,,,,,,,,,https://cdn.shopify.com/s/files/1/0868/6875/4710/files/product-1-4_93db2c13-b8c6-4150-a2db-4e8b76a33bef.jpg?v=1710921196,2,"",,,,,,,,,,,,,,,,,,,,,,,,,
retinol-value-set-duo,,,,,,,,,,,,,,,,,,,,,,,,,https://cdn.shopify.com/s/files/1/0868/6875/4710/files/product-7_ddbc27c9-ae42-4040-ad0c-2845e98d0ec2.jpg?v=1710921196,3,"",,,,,,,,,,,,,,,,,,,,,,,,,
retinol-value-set-duo,,,,,,,,,,,,,,,,,,,,,,,,,https://cdn.shopify.com/s/files/1/0868/6875/4710/files/product-6.jpg?v=1710921196,4,"",,,,,,,,,,,,,,,,,,,,,,,,,
airspun-loose-face-powder,Airspun Loose Face Powder,"<div class=""col-xl-10"">
<div class=""tp-product-details-desc-item pb-105"">
<div class=""row"">
<div class=""col-lg-6"">
<div class=""tp-product-details-desc-content pt-25"">
<span>Galaxy A8 tablet</span>
<h3 class=""tp-product-details-desc-title"">Your world at a glance</h3>
<p>With a slim design, a vibrant entertainment system, and <br>outstanding performance, the new Galaxy Tab A7 is a stylish new <br>companion for your life.Dive head-first into the things you love, <br>and easily share your favorite moments. Learn, explore, connect <br>and be inspired.</p>
</div>
<div class=""tp-product-details-desc-content"">
<h3 class=""tp-product-details-desc-title"">Draw inspiration with S Pen</h3>
<p>S Pen is a bundle of writing instruments in one. Its natural grip, <br>low latency and impressive pressure sensitivity will make it your go-to for everything from drawing to editing documents. And S Pen won't get misplaced thanks.</p>
</div>
</div>
<div class=""col-lg-6"">
<div class=""tp-product-details-desc-thumb""><img alt="""" src=""https://cdn.shopify.com/s/files/1/0670/2301/2064/files/product-details-desc-1.jpg?v=1706118695""></div>
</div>
</div>
</div>
<div class=""tp-product-details-desc-item  pb-75"">
<div class=""row"">
<div class=""col-lg-7"">
<div class=""tp-product-details-desc-thumb""><img alt="""" src=""https://cdn.shopify.com/s/files/1/0670/2301/2064/files/product-details-desc-2.jpg?v=1706118906""></div>
</div>
<div class=""col-lg-5 order-first order-lg-last"">
<div class=""tp-product-details-desc-content des-content-2 pl-40"">
<h3 class=""tp-product-details-desc-title"">Carry with <br>Confidence and style</h3>
<p>Wrap your tablet in a sleek case that's as stylish as it is convenient. Galaxy Tab S6 Lite Book Cover folds around and clings magnetically, so you can easily gear up as you're headed out the door. There's even a compartment for S pen, so you can be sure it doesn't get left behind.</p>
</div>
</div>
</div>
</div>
<div class=""tp-product-details-desc-item"">
<div class=""row"">
<div class=""col-xl-12"">
<div class=""tp-product-details-desc-banner text-center m-img"">
<h3 class=""tp-product-details-desc-banner-title tp-product-details-desc-title"">Speed Memory Power = Epic Races</h3>
<img alt="""" src=""https://cdn.shopify.com/s/files/1/0670/2301/2064/files/product-details-desc-3.jpg?v=1706118907"">
</div>
</div>
</div>
</div>
</div>",Shofy,Health & Beauty > Personal Care > Cosmetics > Makeup > Lip Makeup,makeup,"beauty, Lip care, skincare",true,Title,Default Title,,,,,,0.0,shopify,90,deny,manual,94.00,,true,false,,https://cdn.shopify.com/s/files/1/0868/6875/4710/files/product-7.jpg?v=1710915353,1,"",false,,,,,,,,,,,,,,,kg,,,true,,,true,,,active
airspun-loose-face-powder,,,,,,,,,,,,,,,,,,,,,,,,,https://cdn.shopify.com/s/files/1/0868/6875/4710/files/product-1-4_0242b75b-9708-43ed-8ccd-d0dffab0c72b.jpg?v=1710915353,2,"",,,,,,,,,,,,,,,,,,,,,,,,,
airspun-loose-face-powder,,,,,,,,,,,,,,,,,,,,,,,,,https://cdn.shopify.com/s/files/1/0868/6875/4710/files/product-5_717ce2a3-e420-4ef9-90c9-910b65fe3630.jpg?v=1710915353,3,"",,,,,,,,,,,,,,,,,,,,,,,,,
grande-cosmetics-grande,Grande Cosmetics Grande,"<div class=""col-xl-10"">
<div class=""tp-product-details-desc-item pb-105"">
<div class=""row"">
<div class=""col-lg-6"">
<div class=""tp-product-details-desc-content pt-25"">
<span>Galaxy A8 tablet</span>
<h3 class=""tp-product-details-desc-title"">Your world at a glance</h3>
<p>With a slim design, a vibrant entertainment system, and <br>outstanding performance, the new Galaxy Tab A7 is a stylish new <br>companion for your life.Dive head-first into the things you love, <br>and easily share your favorite moments. Learn, explore, connect <br>and be inspired.</p>
</div>
<div class=""tp-product-details-desc-content"">
<h3 class=""tp-product-details-desc-title"">Draw inspiration with S Pen</h3>
<p>S Pen is a bundle of writing instruments in one. Its natural grip, <br>low latency and impressive pressure sensitivity will make it your go-to for everything from drawing to editing documents. And S Pen won't get misplaced thanks.</p>
</div>
</div>
<div class=""col-lg-6"">
<div class=""tp-product-details-desc-thumb""><img alt="""" src=""https://cdn.shopify.com/s/files/1/0670/2301/2064/files/product-details-desc-1.jpg?v=1706118695""></div>
</div>
</div>
</div>
<div class=""tp-product-details-desc-item  pb-75"">
<div class=""row"">
<div class=""col-lg-7"">
<div class=""tp-product-details-desc-thumb""><img alt="""" src=""https://cdn.shopify.com/s/files/1/0670/2301/2064/files/product-details-desc-2.jpg?v=1706118906""></div>
</div>
<div class=""col-lg-5 order-first order-lg-last"">
<div class=""tp-product-details-desc-content des-content-2 pl-40"">
<h3 class=""tp-product-details-desc-title"">Carry with <br>Confidence and style</h3>
<p>Wrap your tablet in a sleek case that's as stylish as it is convenient. Galaxy Tab S6 Lite Book Cover folds around and clings magnetically, so you can easily gear up as you're headed out the door. There's even a compartment for S pen, so you can be sure it doesn't get left behind.</p>
</div>
</div>
</div>
</div>
<div class=""tp-product-details-desc-item"">
<div class=""row"">
<div class=""col-xl-12"">
<div class=""tp-product-details-desc-banner text-center m-img"">
<h3 class=""tp-product-details-desc-banner-title tp-product-details-desc-title"">Speed Memory Power = Epic Races</h3>
<img alt="""" src=""https://cdn.shopify.com/s/files/1/0670/2301/2064/files/product-details-desc-3.jpg?v=1706118907"">
</div>
</div>
</div>
</div>
</div>",Shofy,Health & Beauty > Personal Care > Cosmetics > Makeup > Lip Makeup,makeup,"beauty, Lip care, skincare",true,Title,Default Title,,,,,'354254,0.0,shopify,90,deny,manual,73.00,,true,false,"",https://cdn.shopify.com/s/files/1/0868/6875/4710/files/product-8jpg.jpg?v=1710915020,1,"",false,,,,,,,,,,,,,,,kg,,,true,,,true,,,active
grande-cosmetics-grande,,,,,,,,,,,,,,,,,,,,,,,,,https://cdn.shopify.com/s/files/1/0868/6875/4710/files/product-1-4.jpg?v=1710915020,2,"",,,,,,,,,,,,,,,,,,,,,,,,,
grande-cosmetics-grande,,,,,,,,,,,,,,,,,,,,,,,,,https://cdn.shopify.com/s/files/1/0868/6875/4710/files/product-5.jpg?v=1710915021,3,"",,,,,,,,,,,,,,,,,,,,,,,,,
