Handle,Title,Body (HTML),Vendor,Product Category,Type,Tags,Published,Option1 Name,Option1 Value,Option2 Name,Option2 Value,Option3 Name,Option3 Value,Variant SKU,Variant Grams,Variant Inventory Tracker,Variant Inventory Qty,Variant Inventory Policy,Variant Fulfillment Service,Variant Price,Variant Compare At Price,Variant Requires Shipping,Variant Taxable,Variant Barcode,Image Src,Image Position,Image Alt Text,Gift Card,SEO Title,SEO Description,Google Shopping / Google Product Category,Google Shopping / Gender,Google Shopping / Age Group,Google Shopping / MPN,Google Shopping / Condition,Google Shopping / Custom Product,Google Shopping / Custom Label 0,Google Shopping / Custom Label 1,Google Shopping / Custom Label 2,Google Shopping / Custom Label 3,Google Shopping / Custom Label 4,Variant Image,Variant Weight Unit,Variant Tax Code,Cost per item,Included / Bangladesh,Price / Bangladesh,Compare At Price / Bangladesh,Included / International,Price / International,Compare At Price / International,Included / india,Price / india,Compare At Price / india,Status
mini-portable-pd-22-5w-fast-charging-power-bank,Mini Portable PD 22.5W Fast Charging Power bank mobile,"<div class=""col-xl-10"">
<div class=""tp-product-details-desc-item pb-105"">
<div class=""row"">
<div class=""col-lg-6"">
<div class=""tp-product-details-desc-content pt-25"">
<span>Galaxy A8 tablet</span>
<h3 class=""tp-product-details-desc-title"">Your world at a glance</h3>
<p>With a slim design, a vibrant entertainment system, and <br>outstanding performance, the new Galaxy Tab A7 is a stylish new <br>companion for your life.Dive head-first into the things you love, <br>and easily share your favorite moments. Learn, explore, connect <br>and be inspired.</p>
</div>
<div class=""tp-product-details-desc-content"">
<h3 class=""tp-product-details-desc-title"">Draw inspiration with S Pen</h3>
<p>S Pen is a bundle of writing instruments in one. Its natural grip, <br>low latency and impressive pressure sensitivity will make it your go-to for everything from drawing to editing documents. And S Pen won't get misplaced thanks.</p>
</div>
</div>
<div class=""col-lg-6"">
<div class=""tp-product-details-desc-thumb""><img alt="""" src=""https://cdn.shopify.com/s/files/1/0670/2301/2064/files/product-details-desc-1.jpg?v=1706118695""></div>
</div>
</div>
</div>
<div class=""tp-product-details-desc-item  pb-75"">
<div class=""row"">
<div class=""col-lg-7"">
<div class=""tp-product-details-desc-thumb""><img alt="""" src=""https://cdn.shopify.com/s/files/1/0670/2301/2064/files/product-details-desc-2.jpg?v=1706118906""></div>
</div>
<div class=""col-lg-5 order-first order-lg-last"">
<div class=""tp-product-details-desc-content des-content-2 pl-40"">
<h3 class=""tp-product-details-desc-title"">Carry with <br>Confidence and style</h3>
<p>Wrap your tablet in a sleek case that's as stylish as it is convenient. Galaxy Tab S6 Lite Book Cover folds around and clings magnetically, so you can easily gear up as you're headed out the door. There's even a compartment for S pen, so you can be sure it doesn't get left behind.</p>
</div>
</div>
</div>
</div>
<div class=""tp-product-details-desc-item"">
<div class=""row"">
<div class=""col-xl-12"">
<div class=""tp-product-details-desc-banner text-center m-img"">
<h3 class=""tp-product-details-desc-banner-title tp-product-details-desc-title"">Speed Memory Power = Epic Races</h3>
<img alt="""" src=""https://cdn.shopify.com/s/files/1/0670/2301/2064/files/product-details-desc-3.jpg?v=1706118907"">
</div>
</div>
</div>
</div>
</div>",Fashion Shofy Ecommerce,,Backpack,"Apparel, Backpack",true,Title,Default Title,,,,,,0.0,shopify,90,deny,manual,90.00,,true,true,,https://cdn.shopify.com/s/files/1/0670/2301/2064/files/product-6-1-1.jpg?v=1715742576,1,"",false,,,,,,,,,,,,,,,kg,,,true,,,true,,,true,,,active
mini-portable-pd-22-5w-fast-charging-power-bank,,,,,,,,,,,,,,,,,,,,,,,,,https://cdn.shopify.com/s/files/1/0670/2301/2064/files/product-3-2_f42bfd76-c600-403a-9301-5d56e116abfe.jpg?v=1715742576,2,"",,,,,,,,,,,,,,,,,,,,,,,,,,,,
mini-portable-pd-22-5w-fast-charging-power-bank,,,,,,,,,,,,,,,,,,,,,,,,,https://cdn.shopify.com/s/files/1/0670/2301/2064/files/product-3-1-1_b50f09d6-d5e0-4fdc-80b9-1f2bd9e6b133.jpg?v=1715742576,3,"",,,,,,,,,,,,,,,,,,,,,,,,,,,,
mini-portable-pd-22-5w-fast-charging-power-bank,,,,,,,,,,,,,,,,,,,,,,,,,https://cdn.shopify.com/s/files/1/0670/2301/2064/files/product-12-1-1_c6cc8b8e-96ed-4345-b604-2b311b46d3cd.jpg?v=1715742576,4,"",,,,,,,,,,,,,,,,,,,,,,,,,,,,
3m-noise-cancelling-headphone,3m Noise cancelling headphone and water proof.,"<div class=""col-xl-10"">
<div class=""tp-product-details-desc-item pb-105"">
<div class=""row"">
<div class=""col-lg-6"">
<div class=""tp-product-details-desc-content pt-25"">
<span>Galaxy A8 tablet</span>
<h3 class=""tp-product-details-desc-title"">Your world at a glance</h3>
<p>With a slim design, a vibrant entertainment system, and <br>outstanding performance, the new Galaxy Tab A7 is a stylish new <br>companion for your life.Dive head-first into the things you love, <br>and easily share your favorite moments. Learn, explore, connect <br>and be inspired.</p>
</div>
<div class=""tp-product-details-desc-content"">
<h3 class=""tp-product-details-desc-title"">Draw inspiration with S Pen</h3>
<p>S Pen is a bundle of writing instruments in one. Its natural grip, <br>low latency and impressive pressure sensitivity will make it your go-to for everything from drawing to editing documents. And S Pen won't get misplaced thanks.</p>
</div>
</div>
<div class=""col-lg-6"">
<div class=""tp-product-details-desc-thumb""><img alt="""" src=""https://cdn.shopify.com/s/files/1/0670/2301/2064/files/product-details-desc-1.jpg?v=1706118695""></div>
</div>
</div>
</div>
<div class=""tp-product-details-desc-item  pb-75"">
<div class=""row"">
<div class=""col-lg-7"">
<div class=""tp-product-details-desc-thumb""><img alt="""" src=""https://cdn.shopify.com/s/files/1/0670/2301/2064/files/product-details-desc-2.jpg?v=1706118906""></div>
</div>
<div class=""col-lg-5 order-first order-lg-last"">
<div class=""tp-product-details-desc-content des-content-2 pl-40"">
<h3 class=""tp-product-details-desc-title"">Carry with <br>Confidence and style</h3>
<p>Wrap your tablet in a sleek case that's as stylish as it is convenient. Galaxy Tab S6 Lite Book Cover folds around and clings magnetically, so you can easily gear up as you're headed out the door. There's even a compartment for S pen, so you can be sure it doesn't get left behind.</p>
</div>
</div>
</div>
</div>
<div class=""tp-product-details-desc-item"">
<div class=""row"">
<div class=""col-xl-12"">
<div class=""tp-product-details-desc-banner text-center m-img"">
<h3 class=""tp-product-details-desc-banner-title tp-product-details-desc-title"">Speed Memory Power = Epic Races</h3>
<img alt="""" src=""https://cdn.shopify.com/s/files/1/0670/2301/2064/files/product-details-desc-3.jpg?v=1706118907"">
</div>
</div>
</div>
</div>
</div>",Fashion Shofy Ecommerce,,Backpack,"Apparel, Backpack",true,Title,Default Title,,,,,,0.0,shopify,90,deny,manual,90.00,,true,true,,https://cdn.shopify.com/s/files/1/0670/2301/2064/files/product-3-2_bf604703-22b4-493e-8b1f-41dd18868644.jpg?v=1714889591,1,"",false,,,,,,,,,,,,,,,kg,,,true,,,true,,,true,,,active
3m-noise-cancelling-headphone,,,,,,,,,,,,,,,,,,,,,,,,,https://cdn.shopify.com/s/files/1/0670/2301/2064/files/product-3-1-1_2fcbb1e8-5249-4399-8d4b-e5de937f6803.jpg?v=1714889591,2,"",,,,,,,,,,,,,,,,,,,,,,,,,,,,
3m-noise-cancelling-headphone,,,,,,,,,,,,,,,,,,,,,,,,,https://cdn.shopify.com/s/files/1/0670/2301/2064/files/product-12-1-1_6bb757d2-0425-4453-8a3c-714580798dfa.jpg?v=1714889591,3,"",,,,,,,,,,,,,,,,,,,,,,,,,,,,
boat-multi-channel-brown-headphone-in-stock,Boat multi channel brown and green headphone In Stock,"<div class=""col-xl-10"">
<div class=""tp-product-details-desc-item pb-105"">
<div class=""row"">
<div class=""col-lg-6"">
<div class=""tp-product-details-desc-content pt-25"">
<span>Galaxy A8 tablet</span>
<h3 class=""tp-product-details-desc-title"">Your world at a glance</h3>
<p>With a slim design, a vibrant entertainment system, and <br>outstanding performance, the new Galaxy Tab A7 is a stylish new <br>companion for your life.Dive head-first into the things you love, <br>and easily share your favorite moments. Learn, explore, connect <br>and be inspired.</p>
</div>
<div class=""tp-product-details-desc-content"">
<h3 class=""tp-product-details-desc-title"">Draw inspiration with S Pen</h3>
<p>S Pen is a bundle of writing instruments in one. Its natural grip, <br>low latency and impressive pressure sensitivity will make it your go-to for everything from drawing to editing documents. And S Pen won't get misplaced thanks.</p>
</div>
</div>
<div class=""col-lg-6"">
<div class=""tp-product-details-desc-thumb""><img alt="""" src=""https://cdn.shopify.com/s/files/1/0670/2301/2064/files/product-details-desc-1.jpg?v=1706118695""></div>
</div>
</div>
</div>
<div class=""tp-product-details-desc-item  pb-75"">
<div class=""row"">
<div class=""col-lg-7"">
<div class=""tp-product-details-desc-thumb""><img alt="""" src=""https://cdn.shopify.com/s/files/1/0670/2301/2064/files/product-details-desc-2.jpg?v=1706118906""></div>
</div>
<div class=""col-lg-5 order-first order-lg-last"">
<div class=""tp-product-details-desc-content des-content-2 pl-40"">
<h3 class=""tp-product-details-desc-title"">Carry with <br>Confidence and style</h3>
<p>Wrap your tablet in a sleek case that's as stylish as it is convenient. Galaxy Tab S6 Lite Book Cover folds around and clings magnetically, so you can easily gear up as you're headed out the door. There's even a compartment for S pen, so you can be sure it doesn't get left behind.</p>
</div>
</div>
</div>
</div>
<div class=""tp-product-details-desc-item"">
<div class=""row"">
<div class=""col-xl-12"">
<div class=""tp-product-details-desc-banner text-center m-img"">
<h3 class=""tp-product-details-desc-banner-title tp-product-details-desc-title"">Speed Memory Power = Epic Races</h3>
<img alt="""" src=""https://cdn.shopify.com/s/files/1/0670/2301/2064/files/product-details-desc-3.jpg?v=1706118907"">
</div>
</div>
</div>
</div>
</div>",Fashion Shofy Ecommerce,,Backpack,"Apparel, Backpack",true,Title,Default Title,,,,,,0.0,shopify,90,deny,manual,90.00,,true,true,,https://cdn.shopify.com/s/files/1/0670/2301/2064/files/product-3-1-1_f9dbf06a-92d7-466f-ad5a-bc76c96f1a0d.jpg?v=1715742180,1,"",false,,,,,,,,,,,,,,,kg,,,true,,,true,,,true,,,active
boat-multi-channel-brown-headphone-in-stock,,,,,,,,,,,,,,,,,,,,,,,,,https://cdn.shopify.com/s/files/1/0670/2301/2064/files/product-12-1-1_0b0e15c8-1787-4b29-85cf-02cba2644096.jpg?v=1715742180,2,"",,,,,,,,,,,,,,,,,,,,,,,,,,,,
boat-multi-channel-brown-headphone-in-stock,,,,,,,,,,,,,,,,,,,,,,,,,https://cdn.shopify.com/s/files/1/0670/2301/2064/files/product-3-2_fff11966-bac2-4e3b-98c0-ecb0d3c324ed.jpg?v=1714889585,3,"",,,,,,,,,,,,,,,,,,,,,,,,,,,,
legendary-whitetails-men-s,Playstation 4 2TB Slim Gaming Console and games.,"<div class=""col-xl-10"">
<div class=""tp-product-details-desc-item pb-105"">
<div class=""row"">
<div class=""col-lg-6"">
<div class=""tp-product-details-desc-content pt-25"">
<span>Galaxy A8 tablet</span>
<h3 class=""tp-product-details-desc-title"">Your world at a glance</h3>
<p>With a slim design, a vibrant entertainment system, and <br>outstanding performance, the new Galaxy Tab A7 is a stylish new <br>companion for your life.Dive head-first into the things you love, <br>and easily share your favorite moments. Learn, explore, connect <br>and be inspired.</p>
</div>
<div class=""tp-product-details-desc-content"">
<h3 class=""tp-product-details-desc-title"">Draw inspiration with S Pen</h3>
<p>S Pen is a bundle of writing instruments in one. Its natural grip, <br>low latency and impressive pressure sensitivity will make it your go-to for everything from drawing to editing documents. And S Pen won't get misplaced thanks.</p>
</div>
</div>
<div class=""col-lg-6"">
<div class=""tp-product-details-desc-thumb""><img alt="""" src=""https://cdn.shopify.com/s/files/1/0670/2301/2064/files/product-details-desc-1.jpg?v=1706118695""></div>
</div>
</div>
</div>
<div class=""tp-product-details-desc-item  pb-75"">
<div class=""row"">
<div class=""col-lg-7"">
<div class=""tp-product-details-desc-thumb""><img alt="""" src=""https://cdn.shopify.com/s/files/1/0670/2301/2064/files/product-details-desc-2.jpg?v=1706118906""></div>
</div>
<div class=""col-lg-5 order-first order-lg-last"">
<div class=""tp-product-details-desc-content des-content-2 pl-40"">
<h3 class=""tp-product-details-desc-title"">Carry with <br>Confidence and style</h3>
<p>Wrap your tablet in a sleek case that's as stylish as it is convenient. Galaxy Tab S6 Lite Book Cover folds around and clings magnetically, so you can easily gear up as you're headed out the door. There's even a compartment for S pen, so you can be sure it doesn't get left behind.</p>
</div>
</div>
</div>
</div>
<div class=""tp-product-details-desc-item"">
<div class=""row"">
<div class=""col-xl-12"">
<div class=""tp-product-details-desc-banner text-center m-img"">
<h3 class=""tp-product-details-desc-banner-title tp-product-details-desc-title"">Speed Memory Power = Epic Races</h3>
<img alt="""" src=""https://cdn.shopify.com/s/files/1/0670/2301/2064/files/product-details-desc-3.jpg?v=1706118907"">
</div>
</div>
</div>
</div>
</div>",Fashion Shofy Ecommerce,Apparel & Accessories > Clothing > Shirts & Tops,Backpack,"Apparel, Backpack",true,Title,Default Title,,,,,,0.0,shopify,90,deny,manual,90.00,,true,true,,https://cdn.shopify.com/s/files/1/0670/2301/2064/files/product-8-1-1.jpg?v=1715742472,1,"",false,,,,,,,,,,,,,,,kg,,,true,,,true,,,true,,,active
tommy-hilfiger-women-s-jaden-1,Tommy Hilfiger Women’s Jaden Draw inspiration.,"<div class=""col-xl-10"">
<div class=""tp-product-details-desc-item pb-105"">
<div class=""row"">
<div class=""col-lg-6"">
<div class=""tp-product-details-desc-content pt-25"">
<span>Galaxy A8 tablet</span>
<h3 class=""tp-product-details-desc-title"">Your world at a glance</h3>
<p>With a slim design, a vibrant entertainment system, and <br>outstanding performance, the new Galaxy Tab A7 is a stylish new <br>companion for your life.Dive head-first into the things you love, <br>and easily share your favorite moments. Learn, explore, connect <br>and be inspired.</p>
</div>
<div class=""tp-product-details-desc-content"">
<h3 class=""tp-product-details-desc-title"">Draw inspiration with S Pen</h3>
<p>S Pen is a bundle of writing instruments in one. Its natural grip, <br>low latency and impressive pressure sensitivity will make it your go-to for everything from drawing to editing documents. And S Pen won't get misplaced thanks.</p>
</div>
</div>
<div class=""col-lg-6"">
<div class=""tp-product-details-desc-thumb""><img alt="""" src=""https://cdn.shopify.com/s/files/1/0670/2301/2064/files/product-details-desc-1.jpg?v=1706118695""></div>
</div>
</div>
</div>
<div class=""tp-product-details-desc-item  pb-75"">
<div class=""row"">
<div class=""col-lg-7"">
<div class=""tp-product-details-desc-thumb""><img alt="""" src=""https://cdn.shopify.com/s/files/1/0670/2301/2064/files/product-details-desc-2.jpg?v=1706118906""></div>
</div>
<div class=""col-lg-5 order-first order-lg-last"">
<div class=""tp-product-details-desc-content des-content-2 pl-40"">
<h3 class=""tp-product-details-desc-title"">Carry with <br>Confidence and style</h3>
<p>Wrap your tablet in a sleek case that's as stylish as it is convenient. Galaxy Tab S6 Lite Book Cover folds around and clings magnetically, so you can easily gear up as you're headed out the door. There's even a compartment for S pen, so you can be sure it doesn't get left behind.</p>
</div>
</div>
</div>
</div>
<div class=""tp-product-details-desc-item"">
<div class=""row"">
<div class=""col-xl-12"">
<div class=""tp-product-details-desc-banner text-center m-img"">
<h3 class=""tp-product-details-desc-banner-title tp-product-details-desc-title"">Speed Memory Power = Epic Races</h3>
<img alt="""" src=""https://cdn.shopify.com/s/files/1/0670/2301/2064/files/product-details-desc-3.jpg?v=1706118907"">
</div>
</div>
</div>
</div>
</div>",Fashion Shofy Ecommerce,,Backpack,"Apparel, Backpack",true,Color,Black,,,,,"",0.0,shopify,90,deny,manual,90.00,,true,true,"",https://cdn.shopify.com/s/files/1/0670/2301/2064/files/product-10-3_dc1fa93b-1c48-448f-86bb-7a7a41e246bc.jpg?v=1714889573,1,"",false,,,,,,,,,,,,,,https://cdn.shopify.com/s/files/1/0670/2301/2064/files/product-10-3_dc1fa93b-1c48-448f-86bb-7a7a41e246bc.jpg?v=1714889573,kg,,,true,,,true,,,true,,,active
tommy-hilfiger-women-s-jaden-1,,,,,,,,,Yellow,,,,,,0.0,shopify,100,deny,manual,90.00,,true,true,,https://cdn.shopify.com/s/files/1/0670/2301/2064/files/product-7-6_631881bc-9a02-49b1-af44-4df52edae604.jpg?v=1714889573,2,"",,,,,,,,,,,,,,,https://cdn.shopify.com/s/files/1/0670/2301/2064/files/product-9-4_3829ec16-004f-47cf-8121-56d23ce60e08.jpg?v=1714889573,kg,,,,,,,,,,,,
tommy-hilfiger-women-s-jaden-1,,,,,,,,,Pink,,,,,,0.0,shopify,90,deny,manual,90.00,,true,true,,https://cdn.shopify.com/s/files/1/0670/2301/2064/files/product-13-3_a29d7daa-802b-4c47-952d-49ac7ebfb9d4.jpg?v=1714889573,3,"",,,,,,,,,,,,,,,https://cdn.shopify.com/s/files/1/0670/2301/2064/files/product-13-3_a29d7daa-802b-4c47-952d-49ac7ebfb9d4.jpg?v=1714889573,kg,,,,,,,,,,,,
tommy-hilfiger-women-s-jaden-1,,,,,,,,,Red,,,,,,0.0,shopify,40,deny,manual,90.00,,true,true,,https://cdn.shopify.com/s/files/1/0670/2301/2064/files/product-9-4_3829ec16-004f-47cf-8121-56d23ce60e08.jpg?v=1714889573,4,"",,,,,,,,,,,,,,,https://cdn.shopify.com/s/files/1/0670/2301/2064/files/product-7-6_631881bc-9a02-49b1-af44-4df52edae604.jpg?v=1714889573,kg,,,,,,,,,,,,
fast-charger-6-5a-type-c-cable-for-oppo-find-x3-pro,Fast Charger 6.5A Type-C Cable For OPPO Find X3 Pro,"<div class=""col-xl-10"">
<div class=""tp-product-details-desc-item pb-105"">
<div class=""row"">
<div class=""col-lg-6"">
<div class=""tp-product-details-desc-content pt-25"">
<span>Galaxy A8 tablet</span>
<h3 class=""tp-product-details-desc-title"">Your world at a glance</h3>
<p>With a slim design, a vibrant entertainment system, and <br> outstanding performance, the new Galaxy Tab A7 is a stylish new <br> companion for your life.Dive head-first into the things you love, <br> and easily share your favorite moments. Learn, explore, connect <br> and be inspired.</p>
</div>
<div class=""tp-product-details-desc-content"">
<h3 class=""tp-product-details-desc-title"">Draw inspiration with S Pen</h3>
<p>S Pen is a bundle of writing instruments in one. Its natural grip, <br> low latency and impressive pressure sensitivity will make it your go-to for everything from drawing to editing documents. And S Pen won't get misplaced thanks.</p>
</div>
</div>
<div class=""col-lg-6"">
<div class=""tp-product-details-desc-thumb""><img alt="""" src=""https://cdn.shopify.com/s/files/1/0670/2301/2064/files/product-details-desc-1.jpg?v=1706118695""></div>
</div>
</div>
</div>
<div class=""tp-product-details-desc-item  pb-75"">
<div class=""row"">
<div class=""col-lg-7"">
<div class=""tp-product-details-desc-thumb""><img alt="""" src=""https://cdn.shopify.com/s/files/1/0670/2301/2064/files/product-details-desc-2.jpg?v=1706118906""></div>
</div>
<div class=""col-lg-5 order-first order-lg-last"">
<div class=""tp-product-details-desc-content des-content-2 pl-40"">
<h3 class=""tp-product-details-desc-title"">Carry with <br> Confidence and style</h3>
<p>Wrap your tablet in a sleek case that's as stylish as it is convenient. Galaxy Tab S6 Lite Book Cover folds around and clings magnetically, so you can easily gear up as you're headed out the door. There's even a compartment for S pen, so you can be sure it doesn't get left behind.</p>
</div>
</div>
</div>
</div>
<div class=""tp-product-details-desc-item"">
<div class=""row"">
<div class=""col-xl-12"">
<div class=""tp-product-details-desc-banner text-center m-img"">
<h3 class=""tp-product-details-desc-banner-title tp-product-details-desc-title"">Speed Memory Power = Epic Races</h3>
<img alt="""" src=""https://cdn.shopify.com/s/files/1/0670/2301/2064/files/product-details-desc-3.jpg?v=1706118907"">
</div>
</div>
</div>
</div>
</div>",Mojahid,Electronics,electronics,electronics,true,Title,Default Title,,,,,,0.0,shopify,20,deny,manual,120.00,320.00,true,true,,https://cdn.shopify.com/s/files/1/0670/2301/2064/files/product-20-1-1.jpg?v=1708763698,1,"",false,,,,,,,,,,,,,,,kg,,90.00,true,,,true,,,true,,,active
cpu-cooler-2-heat-pipes-12mm-4-pin-pwm-rgb-for-intel,CPU Cooler 2 Heat Pipes 12mm 4 Pin PWM RGB .,"<div class=""col-xl-10"">
<div class=""tp-product-details-desc-item pb-105"">
<div class=""row"">
<div class=""col-lg-6"">
<div class=""tp-product-details-desc-content pt-25"">
<span>Galaxy A8 tablet</span>
<h3 class=""tp-product-details-desc-title"">Your world at a glance</h3>
<p>With a slim design, a vibrant entertainment system, and <br> outstanding performance, the new Galaxy Tab A7 is a stylish new <br> companion for your life.Dive head-first into the things you love, <br> and easily share your favorite moments. Learn, explore, connect <br> and be inspired.</p>
</div>
<div class=""tp-product-details-desc-content"">
<h3 class=""tp-product-details-desc-title"">Draw inspiration with S Pen</h3>
<p>S Pen is a bundle of writing instruments in one. Its natural grip, <br> low latency and impressive pressure sensitivity will make it your go-to for everything from drawing to editing documents. And S Pen won't get misplaced thanks.</p>
</div>
</div>
<div class=""col-lg-6"">
<div class=""tp-product-details-desc-thumb""><img alt="""" src=""https://cdn.shopify.com/s/files/1/0670/2301/2064/files/product-details-desc-1.jpg?v=1706118695""></div>
</div>
</div>
</div>
<div class=""tp-product-details-desc-item  pb-75"">
<div class=""row"">
<div class=""col-lg-7"">
<div class=""tp-product-details-desc-thumb""><img alt="""" src=""https://cdn.shopify.com/s/files/1/0670/2301/2064/files/product-details-desc-2.jpg?v=1706118906""></div>
</div>
<div class=""col-lg-5 order-first order-lg-last"">
<div class=""tp-product-details-desc-content des-content-2 pl-40"">
<h3 class=""tp-product-details-desc-title"">Carry with <br> Confidence and style</h3>
<p>Wrap your tablet in a sleek case that's as stylish as it is convenient. Galaxy Tab S6 Lite Book Cover folds around and clings magnetically, so you can easily gear up as you're headed out the door. There's even a compartment for S pen, so you can be sure it doesn't get left behind.</p>
</div>
</div>
</div>
</div>
<div class=""tp-product-details-desc-item"">
<div class=""row"">
<div class=""col-xl-12"">
<div class=""tp-product-details-desc-banner text-center m-img"">
<h3 class=""tp-product-details-desc-banner-title tp-product-details-desc-title"">Speed Memory Power = Epic Races</h3>
<img alt="""" src=""https://cdn.shopify.com/s/files/1/0670/2301/2064/files/product-details-desc-3.jpg?v=1706118907"">
</div>
</div>
</div>
</div>
</div>",Mojahid,Animals & Pet Supplies,"",electronics,true,Title,Default Title,,,,,,0.0,shopify,20,deny,manual,320.00,320.00,true,true,,https://cdn.shopify.com/s/files/1/0670/2301/2064/files/product-7-1-1.jpg?v=1708763582,1,"",false,,,,,,,,,,,,,,,kg,,130.00,true,,,true,,,true,,,active
cpu-cooler-2-heat-pipes-12mm-4-pin-pwm-rgb-for-intel,,,,,,,,,,,,,,,,,,,,,,,,,https://cdn.shopify.com/s/files/1/0670/2301/2064/files/product-7-2.jpg?v=1708763582,2,"",,,,,,,,,,,,,,,,,,,,,,,,,,,,
cpu-cooler-2-heat-pipes-12mm-4-pin-pwm-rgb-for-intel,,,,,,,,,,,,,,,,,,,,,,,,,https://cdn.shopify.com/s/files/1/0670/2301/2064/files/product-7-3.jpg?v=1708763582,3,"",,,,,,,,,,,,,,,,,,,,,,,,,,,,
brown-bags-backpack-school-bag,"Brown Bags Backpack, School Bag.vibrant entertainment system.","<div class=""col-xl-10"">
<div class=""tp-product-details-desc-item pb-105"">
<div class=""row"">
<div class=""col-lg-6"">
<div class=""tp-product-details-desc-content pt-25"">
<span>Galaxy A8 tablet</span>
<h3 class=""tp-product-details-desc-title"">Your world at a glance</h3>
<p>With a slim design, a vibrant entertainment system, and <br>outstanding performance, the new Galaxy Tab A7 is a stylish new <br>companion for your life.Dive head-first into the things you love, <br>and easily share your favorite moments. Learn, explore, connect <br>and be inspired.</p>
</div>
<div class=""tp-product-details-desc-content"">
<h3 class=""tp-product-details-desc-title"">Draw inspiration with S Pen</h3>
<p>S Pen is a bundle of writing instruments in one. Its natural grip, <br>low latency and impressive pressure sensitivity will make it your go-to for everything from drawing to editing documents. And S Pen won't get misplaced thanks.</p>
</div>
</div>
<div class=""col-lg-6"">
<div class=""tp-product-details-desc-thumb""><img src=""https://cdn.shopify.com/s/files/1/0670/2301/2064/files/product-details-desc-1.jpg?v=1706118695"" alt=""""></div>
</div>
</div>
</div>
<div class=""tp-product-details-desc-item  pb-75"">
<div class=""row"">
<div class=""col-lg-7"">
<div class=""tp-product-details-desc-thumb""><img src=""https://cdn.shopify.com/s/files/1/0670/2301/2064/files/product-details-desc-2.jpg?v=1706118906"" alt=""""></div>
</div>
<div class=""col-lg-5 order-first order-lg-last"">
<div class=""tp-product-details-desc-content des-content-2 pl-40"">
<h3 class=""tp-product-details-desc-title"">Carry with <br>Confidence and style</h3>
<p>Wrap your tablet in a sleek case that's as stylish as it is convenient. Galaxy Tab S6 Lite Book Cover folds around and clings magnetically, so you can easily gear up as you're headed out the door. There's even a compartment for S pen, so you can be sure it doesn't get left behind.</p>
</div>
</div>
</div>
</div>
<div class=""tp-product-details-desc-item"">
<div class=""row"">
<div class=""col-xl-12"">
<div class=""tp-product-details-desc-banner text-center m-img"">
<h3 class=""tp-product-details-desc-banner-title tp-product-details-desc-title"">Speed Memory Power = Epic Races</h3>
<img src=""https://cdn.shopify.com/s/files/1/0670/2301/2064/files/product-details-desc-3.jpg?v=1706118907"" alt="""">
</div>
</div>
</div>
</div>
</div>",Shofy ecommerce,,Backpack,"Backpack, Men's Fashion, offers, Women's Fashion",true,Color,Black,,,,,,0.0,shopify,40,deny,manual,500.00,,true,true,,https://cdn.shopify.com/s/files/1/0670/2301/2064/files/product-4-7.jpg?v=1708756275,1,"",false,,,,,,,,,,,,,,https://cdn.shopify.com/s/files/1/0670/2301/2064/files/product-10-3_8b951d02-3b9f-4523-a5da-c3852bdea650.jpg?v=1708756275,kg,,,true,,,true,,,true,,,active
brown-bags-backpack-school-bag,,,,,,,,,Yellow,,,,,,0.0,shopify,60,deny,manual,400.00,,true,true,,https://cdn.shopify.com/s/files/1/0670/2301/2064/files/product-9-4_9837a99b-2694-4f5c-a290-177549b44943.jpg?v=1708756275,2,"",,,,,,,,,,,,,,,https://cdn.shopify.com/s/files/1/0670/2301/2064/files/product-9-4_9837a99b-2694-4f5c-a290-177549b44943.jpg?v=1708756275,kg,,,,,,,,,,,,
brown-bags-backpack-school-bag,,,,,,,,,Brown,,,,,"",0.0,shopify,30,deny,manual,650.00,,true,true,"",https://cdn.shopify.com/s/files/1/0670/2301/2064/files/product-10-3_8b951d02-3b9f-4523-a5da-c3852bdea650.jpg?v=1708756275,3,"",,,,,,,,,,,,,,,https://cdn.shopify.com/s/files/1/0670/2301/2064/files/product-4-7.jpg?v=1708756275,kg,,,,,,,,,,,,
brown-bags-backpack-school-bag,,,,,,,,,Pink,,,,,,0.0,shopify,10,deny,manual,430.00,,true,true,,https://cdn.shopify.com/s/files/1/0670/2301/2064/files/product-13-3_751c4023-6595-43f0-9165-2cae47f23625.jpg?v=1708756275,4,"",,,,,,,,,,,,,,,https://cdn.shopify.com/s/files/1/0670/2301/2064/files/product-13-3_751c4023-6595-43f0-9165-2cae47f23625.jpg?v=1708756275,kg,,,,,,,,,,,,
boat-multi-channel-brown-headphone,JBL Cancelling Headphones Wireless brown headphone,"<div class=""col-xl-10"">
<div class=""tp-product-details-desc-item pb-105"">
<div class=""row"">
<div class=""col-lg-6"">
<div class=""tp-product-details-desc-content pt-25"">
<span>Galaxy A8 tablet</span>
<h3 class=""tp-product-details-desc-title"">Your world at a glance</h3>
<p>With a slim design, a vibrant entertainment system, and <br> outstanding performance, the new Galaxy Tab A7 is a stylish new <br> companion for your life.Dive head-first into the things you love, <br> and easily share your favorite moments. Learn, explore, connect <br> and be inspired.</p>
</div>
<div class=""tp-product-details-desc-content"">
<h3 class=""tp-product-details-desc-title"">Draw inspiration with S Pen</h3>
<p>S Pen is a bundle of writing instruments in one. Its natural grip, <br> low latency and impressive pressure sensitivity will make it your go-to for everything from drawing to editing documents. And S Pen won't get misplaced thanks.</p>
</div>
</div>
<div class=""col-lg-6"">
<div class=""tp-product-details-desc-thumb""><img src=""https://cdn.shopify.com/s/files/1/0670/2301/2064/files/product-details-desc-1.jpg?v=1706118695"" alt=""""></div>
</div>
</div>
</div>
<div class=""tp-product-details-desc-item  pb-75"">
<div class=""row"">
<div class=""col-lg-7"">
<div class=""tp-product-details-desc-thumb""><img src=""https://cdn.shopify.com/s/files/1/0670/2301/2064/files/product-details-desc-2.jpg?v=1706118906"" alt=""""></div>
</div>
<div class=""col-lg-5 order-first order-lg-last"">
<div class=""tp-product-details-desc-content des-content-2 pl-40"">
<h3 class=""tp-product-details-desc-title"">Carry with <br> Confidence and style</h3>
<p>Wrap your tablet in a sleek case that's as stylish as it is convenient. Galaxy Tab S6 Lite Book Cover folds around and clings magnetically, so you can easily gear up as you're headed out the door. There's even a compartment for S pen, so you can be sure it doesn't get left behind.</p>
</div>
</div>
</div>
</div>
<div class=""tp-product-details-desc-item"">
<div class=""row"">
<div class=""col-xl-12"">
<div class=""tp-product-details-desc-banner text-center m-img"">
<h3 class=""tp-product-details-desc-banner-title tp-product-details-desc-title"">Speed Memory Power = Epic Races</h3>
<img src=""https://cdn.shopify.com/s/files/1/0670/2301/2064/files/product-details-desc-3.jpg?v=1706118907"" alt="""">
</div>
</div>
</div>
</div>
</div>",Shofy ecommerce,,Headphone,"boat, headphone",true,Title,Default Title,,,,,"",0.0,shopify,999,deny,manual,125.00,,true,true,"",https://cdn.shopify.com/s/files/1/0670/2301/2064/files/product-12-1-1.jpg?v=1708755994,1,"",false,,,,,,,,,,,,,,,kg,,,true,,,true,,,true,,,active
boat-multi-channel-brown-headphone,,,,,,,,,,,,,,,,,,,,,,,,,https://cdn.shopify.com/s/files/1/0670/2301/2064/files/product-3-2.jpg?v=1708755994,2,"",,,,,,,,,,,,,,,,,,,,,,,,,,,,
boat-multi-channel-brown-headphone,,,,,,,,,,,,,,,,,,,,,,,,,https://cdn.shopify.com/s/files/1/0670/2301/2064/files/product-3-1-1.jpg?v=1708755994,3,"",,,,,,,,,,,,,,,,,,,,,,,,,,,,
apple-watch-valet-green-for-kids,Apple Watch Valet Green For kids vibrant entertainmen,"<div class=""col-xl-10"">
<div class=""tp-product-details-desc-item pb-105"">
<div class=""row"">
<div class=""col-lg-6"">
<div class=""tp-product-details-desc-content pt-25"">
<span>Galaxy A8 tablet</span>
<h3 class=""tp-product-details-desc-title"">Your world at a glance</h3>
<p>With a slim design, a vibrant entertainment system, and <br>outstanding performance, the new Galaxy Tab A7 is a stylish new <br>companion for your life.Dive head-first into the things you love, <br>and easily share your favorite moments. Learn, explore, connect <br>and be inspired.</p>
</div>
<div class=""tp-product-details-desc-content"">
<h3 class=""tp-product-details-desc-title"">Draw inspiration with S Pen</h3>
<p>S Pen is a bundle of writing instruments in one. Its natural grip, <br>low latency and impressive pressure sensitivity will make it your go-to for everything from drawing to editing documents. And S Pen won't get misplaced thanks.</p>
</div>
</div>
<div class=""col-lg-6"">
<div class=""tp-product-details-desc-thumb""><img alt="""" src=""https://cdn.shopify.com/s/files/1/0670/2301/2064/files/product-details-desc-1.jpg?v=1706118695""></div>
</div>
</div>
</div>
<div class=""tp-product-details-desc-item  pb-75"">
<div class=""row"">
<div class=""col-lg-7"">
<div class=""tp-product-details-desc-thumb""><img alt="""" src=""https://cdn.shopify.com/s/files/1/0670/2301/2064/files/product-details-desc-2.jpg?v=1706118906""></div>
</div>
<div class=""col-lg-5 order-first order-lg-last"">
<div class=""tp-product-details-desc-content des-content-2 pl-40"">
<h3 class=""tp-product-details-desc-title"">Carry with <br>Confidence and style</h3>
<p>Wrap your tablet in a sleek case that's as stylish as it is convenient. Galaxy Tab S6 Lite Book Cover folds around and clings magnetically, so you can easily gear up as you're headed out the door. There's even a compartment for S pen, so you can be sure it doesn't get left behind.</p>
</div>
</div>
</div>
</div>
<div class=""tp-product-details-desc-item"">
<div class=""row"">
<div class=""col-xl-12"">
<div class=""tp-product-details-desc-banner text-center m-img"">
<h3 class=""tp-product-details-desc-banner-title tp-product-details-desc-title"">Speed Memory Power = Epic Races</h3>
<img alt="""" src=""https://cdn.shopify.com/s/files/1/0670/2301/2064/files/product-details-desc-3.jpg?v=1706118907"">
</div>
</div>
</div>
</div>
</div>",Shofy ecommerce,Apparel & Accessories > Jewelry > Watches,watch,"apple, Men's Fashion, watch",true,Color,green,,,,,"",0.0,shopify,999,deny,manual,199.00,,true,true,"",https://cdn.shopify.com/s/files/1/0670/2301/2064/files/product-22-1.jpg?v=1708755686,1,"",false,,,,,,,,,,,,,,https://cdn.shopify.com/s/files/1/0670/2301/2064/files/product-22-1.jpg?v=1708755686,kg,,,true,,,true,,,true,,,active
apple-watch-valet-green-for-kids,,,,,,,,,black,,,,,"",0.0,shopify,999,deny,manual,299.00,,true,true,"",https://cdn.shopify.com/s/files/1/0670/2301/2064/files/product-2-1-1_acf534c7-f3db-434c-99a8-5d8371b89323.jpg?v=1708755686,2,"",,,,,,,,,,,,,,,https://cdn.shopify.com/s/files/1/0670/2301/2064/files/product-2-1-1_acf534c7-f3db-434c-99a8-5d8371b89323.jpg?v=1708755686,kg,,,,,,,,,,,,
apple-watch-valet-green-for-kids,,,,,,,,,gray,,,,,"",0.0,shopify,999,deny,manual,239.00,,true,true,"",https://cdn.shopify.com/s/files/1/0670/2301/2064/files/product-2-2_8b28fb79-32ec-44dd-8517-6cd338171d91.jpg?v=1708755686,3,"",,,,,,,,,,,,,,,https://cdn.shopify.com/s/files/1/0670/2301/2064/files/product-2-2_8b28fb79-32ec-44dd-8517-6cd338171d91.jpg?v=1708755686,kg,,,,,,,,,,,,
addidas-sports,"Addidas Sports With a slim design, a vibrant entertainment","<div class=""col-xl-10"">
<div class=""tp-product-details-desc-item pb-105"">
<div class=""row"">
<div class=""col-lg-6"">
<div class=""tp-product-details-desc-content pt-25"">
<span>Galaxy A8 tablet</span>
<h3 class=""tp-product-details-desc-title"">Your world at a glance</h3>
<p>With a slim design, a vibrant entertainment system, and <br> outstanding performance, the new Galaxy Tab A7 is a stylish new <br> companion for your life.Dive head-first into the things you love, <br> and easily share your favorite moments. Learn, explore, connect <br> and be inspired.</p>
</div>
<div class=""tp-product-details-desc-content"">
<h3 class=""tp-product-details-desc-title"">Draw inspiration with S Pen</h3>
<p>S Pen is a bundle of writing instruments in one. Its natural grip, <br> low latency and impressive pressure sensitivity will make it your go-to for everything from drawing to editing documents. And S Pen won't get misplaced thanks.</p>
</div>
</div>
<div class=""col-lg-6"">
<div class=""tp-product-details-desc-thumb""><img src=""https://cdn.shopify.com/s/files/1/0670/2301/2064/files/product-details-desc-1.jpg?v=1706118695"" alt=""""></div>
</div>
</div>
</div>
<div class=""tp-product-details-desc-item  pb-75"">
<div class=""row"">
<div class=""col-lg-7"">
<div class=""tp-product-details-desc-thumb""><img src=""https://cdn.shopify.com/s/files/1/0670/2301/2064/files/product-details-desc-2.jpg?v=1706118906"" alt=""""></div>
</div>
<div class=""col-lg-5 order-first order-lg-last"">
<div class=""tp-product-details-desc-content des-content-2 pl-40"">
<h3 class=""tp-product-details-desc-title"">Carry with <br> Confidence and style</h3>
<p>Wrap your tablet in a sleek case that's as stylish as it is convenient. Galaxy Tab S6 Lite Book Cover folds around and clings magnetically, so you can easily gear up as you're headed out the door. There's even a compartment for S pen, so you can be sure it doesn't get left behind.</p>
</div>
</div>
</div>
</div>
<div class=""tp-product-details-desc-item"">
<div class=""row"">
<div class=""col-xl-12"">
<div class=""tp-product-details-desc-banner text-center m-img"">
<h3 class=""tp-product-details-desc-banner-title tp-product-details-desc-title"">Speed Memory Power = Epic Races</h3>
<img src=""https://cdn.shopify.com/s/files/1/0670/2301/2064/files/product-details-desc-3.jpg?v=1706118907"" alt="""">
</div>
</div>
</div>
</div>
</div>",Shofy ecommerce,Apparel & Accessories > Shoes,Shoe,"shoe, Sportwear",true,Color,brown,,,,,"",0.0,shopify,699,deny,manual,299.00,,true,true,"",https://cdn.shopify.com/s/files/1/0670/2301/2064/files/product-3-7_3f3ab725-399c-461c-8f19-2f33bd512bbb.jpg?v=1708755165,1,"",false,,,,,,,,,,,,,,https://cdn.shopify.com/s/files/1/0670/2301/2064/files/product-3-7_3f3ab725-399c-461c-8f19-2f33bd512bbb.jpg?v=1708755165,kg,,,true,,,true,,,true,,,active
addidas-sports,,,,,,,,,SkyBlue,,,,,"",0.0,shopify,500,deny,manual,199.00,,true,true,"",https://cdn.shopify.com/s/files/1/0670/2301/2064/files/product-8-4_21a8bd0b-419d-460f-9bd4-b19f07a85ec5.jpg?v=1708755164,2,"",,,,,,,,,,,,,,,https://cdn.shopify.com/s/files/1/0670/2301/2064/files/product-21-2_30bdf5f1-a3bc-4255-84a5-8de28e4b98d4.jpg?v=1708755165,kg,,,,,,,,,,,,
addidas-sports,,,,,,,,,Violet,,,,,"",0.0,shopify,300,deny,manual,99.00,,true,true,"",https://cdn.shopify.com/s/files/1/0670/2301/2064/files/product-21-2_30bdf5f1-a3bc-4255-84a5-8de28e4b98d4.jpg?v=1708755165,3,"",,,,,,,,,,,,,,,https://cdn.shopify.com/s/files/1/0670/2301/2064/files/product-8-4_21a8bd0b-419d-460f-9bd4-b19f07a85ec5.jpg?v=1708755164,kg,,,,,,,,,,,,
mini-portable-mobile-phone-powerbank-for-iphone,Mini Portable Mobile Phone Powerbank for iphone,"<div class=""col-xl-10"">
<div class=""tp-product-details-desc-item pb-105"">
<div class=""row"">
<div class=""col-lg-6"">
<div class=""tp-product-details-desc-content pt-25"">
<span>Galaxy A8 tablet</span>
<h3 class=""tp-product-details-desc-title"">Your world at a glance</h3>
<p>With a slim design, a vibrant entertainment system, and <br> outstanding performance, the new Galaxy Tab A7 is a stylish new <br> companion for your life.Dive head-first into the things you love, <br> and easily share your favorite moments. Learn, explore, connect <br> and be inspired.</p>
</div>
<div class=""tp-product-details-desc-content"">
<h3 class=""tp-product-details-desc-title"">Draw inspiration with S Pen</h3>
<p>S Pen is a bundle of writing instruments in one. Its natural grip, <br> low latency and impressive pressure sensitivity will make it your go-to for everything from drawing to editing documents. And S Pen won't get misplaced thanks.</p>
</div>
</div>
<div class=""col-lg-6"">
<div class=""tp-product-details-desc-thumb""><img alt="""" src=""https://cdn.shopify.com/s/files/1/0670/2301/2064/files/product-details-desc-1.jpg?v=1706118695""></div>
</div>
</div>
</div>
<div class=""tp-product-details-desc-item  pb-75"">
<div class=""row"">
<div class=""col-lg-7"">
<div class=""tp-product-details-desc-thumb""><img alt="""" src=""https://cdn.shopify.com/s/files/1/0670/2301/2064/files/product-details-desc-2.jpg?v=1706118906""></div>
</div>
<div class=""col-lg-5 order-first order-lg-last"">
<div class=""tp-product-details-desc-content des-content-2 pl-40"">
<h3 class=""tp-product-details-desc-title"">Carry with <br> Confidence and style</h3>
<p>Wrap your tablet in a sleek case that's as stylish as it is convenient. Galaxy Tab S6 Lite Book Cover folds around and clings magnetically, so you can easily gear up as you're headed out the door. There's even a compartment for S pen, so you can be sure it doesn't get left behind.</p>
</div>
</div>
</div>
</div>
<div class=""tp-product-details-desc-item"">
<div class=""row"">
<div class=""col-xl-12"">
<div class=""tp-product-details-desc-banner text-center m-img"">
<h3 class=""tp-product-details-desc-banner-title tp-product-details-desc-title"">Speed Memory Power = Epic Races</h3>
<img alt="""" src=""https://cdn.shopify.com/s/files/1/0670/2301/2064/files/product-details-desc-3.jpg?v=1706118907"">
</div>
</div>
</div>
</div>
</div>",Shofy ecommerce,Electronics > Communications,mobile,"Men's Fashion, Women's Fashion",true,Title,Default Title,,,,,"",0.0,shopify,999,deny,manual,3000.00,2000.00,true,true,"",https://cdn.shopify.com/s/files/1/0670/2301/2064/files/product-10-1-1.jpg?v=1708597769,1,"",false,,,,,,,,,,,,,,,kg,,,true,,,true,,,true,,,active
mini-portable-mobile-phone-powerbank-for-iphone,,,,,,,,,,,,,,,,,,,,,,,,,https://cdn.shopify.com/s/files/1/0670/2301/2064/files/product-11-1-1.jpg?v=1708597769,2,"",,,,,,,,,,,,,,,,,,,,,,,,,,,,
mini-portable-mobile-phone-powerbank-for-iphone,,,,,,,,,,,,,,,,,,,,,,,,,https://cdn.shopify.com/s/files/1/0670/2301/2064/files/product-11-2.jpg?v=1708597770,3,"",,,,,,,,,,,,,,,,,,,,,,,,,,,,
night-dress-for-women,Sweater branded women writing instruments in one .,"<div class=""col-xl-10"">
<div class=""tp-product-details-desc-item pb-105"">
<div class=""row"">
<div class=""col-lg-6"">
<div class=""tp-product-details-desc-content pt-25"">
<span>Galaxy A8 tablet</span>
<h3 class=""tp-product-details-desc-title"">Your world at a glance</h3>
<p>With a slim design, a vibrant entertainment system, and <br>outstanding performance, the new Galaxy Tab A7 is a stylish new <br>companion for your life.Dive head-first into the things you love, <br>and easily share your favorite moments. Learn, explore, connect <br>and be inspired.</p>
</div>
<div class=""tp-product-details-desc-content"">
<h3 class=""tp-product-details-desc-title"">Draw inspiration with S Pen</h3>
<p>S Pen is a bundle of writing instruments in one. Its natural grip, <br>low latency and impressive pressure sensitivity will make it your go-to for everything from drawing to editing documents. And S Pen won't get misplaced thanks.</p>
</div>
</div>
<div class=""col-lg-6"">
<div class=""tp-product-details-desc-thumb""><img src=""https://cdn.shopify.com/s/files/1/0670/2301/2064/files/product-details-desc-1.jpg?v=1706118695"" alt=""""></div>
</div>
</div>
</div>
<div class=""tp-product-details-desc-item  pb-75"">
<div class=""row"">
<div class=""col-lg-7"">
<div class=""tp-product-details-desc-thumb""><img src=""https://cdn.shopify.com/s/files/1/0670/2301/2064/files/product-details-desc-2.jpg?v=1706118906"" alt=""""></div>
</div>
<div class=""col-lg-5 order-first order-lg-last"">
<div class=""tp-product-details-desc-content des-content-2 pl-40"">
<h3 class=""tp-product-details-desc-title"">Carry with <br>Confidence and style</h3>
<p>Wrap your tablet in a sleek case that's as stylish as it is convenient. Galaxy Tab S6 Lite Book Cover folds around and clings magnetically, so you can easily gear up as you're headed out the door. There's even a compartment for S pen, so you can be sure it doesn't get left behind.</p>
</div>
</div>
</div>
</div>
<div class=""tp-product-details-desc-item"">
<div class=""row"">
<div class=""col-xl-12"">
<div class=""tp-product-details-desc-banner text-center m-img"">
<h3 class=""tp-product-details-desc-banner-title tp-product-details-desc-title"">Speed Memory Power = Epic Races</h3>
<img src=""https://cdn.shopify.com/s/files/1/0670/2301/2064/files/product-details-desc-3.jpg?v=1706118907"" alt="""">
</div>
</div>
</div>
</div>
</div>",Shofy ecommerce,Apparel & Accessories,Dress,"Apparel, Night Dress, offers, Women's Fashion",true,Size,M,Color,Pink,,,"",0.0,shopify,500,deny,manual,700.00,900.00,true,false,"",https://cdn.shopify.com/s/files/1/0670/2301/2064/files/product-17-2.jpg?v=1708754468,1,"",false,,,,,,,,,,,,,,https://cdn.shopify.com/s/files/1/0670/2301/2064/files/product-17-2.jpg?v=1708754468,kg,,,true,,,true,,,true,,,active
night-dress-for-women,,,,,,,,,M,,Red,,,"",0.0,shopify,500,deny,manual,700.00,900.00,true,false,"",https://cdn.shopify.com/s/files/1/0670/2301/2064/files/product-15-2_af90f90a-13bb-407c-af81-d280c9682882.jpg?v=1708754468,2,"",,,,,,,,,,,,,,,https://cdn.shopify.com/s/files/1/0670/2301/2064/files/product-17-2.jpg?v=1708754468,kg,,,,,,,,,,,,
night-dress-for-women,,,,,,,,,N,,Pink,,,"",0.0,shopify,500,deny,manual,700.00,900.00,true,false,"",https://cdn.shopify.com/s/files/1/0670/2301/2064/files/product-16-2_8d134387-ffd4-4995-971d-e0a1d7a6c786.jpg?v=1708754469,3,"",,,,,,,,,,,,,,,https://cdn.shopify.com/s/files/1/0670/2301/2064/files/product-15-2_af90f90a-13bb-407c-af81-d280c9682882.jpg?v=1708754468,kg,,,,,,,,,,,,
night-dress-for-women,,,,,,,,,N,,Red,,,"",0.0,shopify,500,deny,manual,700.00,900.00,true,false,"",,,,,,,,,,,,,,,,,,https://cdn.shopify.com/s/files/1/0670/2301/2064/files/product-15-2_af90f90a-13bb-407c-af81-d280c9682882.jpg?v=1708754468,kg,,,,,,,,,,,,
womens-essentials-convertible,"Women's Essentials Convertible With a slim design,","<div class=""col-xl-10"">
<div class=""tp-product-details-desc-item pb-105"">
<div class=""row"">
<div class=""col-lg-6"">
<div class=""tp-product-details-desc-content pt-25"">
<span>Galaxy A8 tablet</span>
<h3 class=""tp-product-details-desc-title"">Your world at a glance</h3>
<p>With a slim design, a vibrant entertainment system, and <br> outstanding performance, the new Galaxy Tab A7 is a stylish new <br> companion for your life.Dive head-first into the things you love, <br> and easily share your favorite moments. Learn, explore, connect <br> and be inspired.</p>
</div>
<div class=""tp-product-details-desc-content"">
<h3 class=""tp-product-details-desc-title"">Draw inspiration with S Pen</h3>
<p>S Pen is a bundle of writing instruments in one. Its natural grip, <br> low latency and impressive pressure sensitivity will make it your go-to for everything from drawing to editing documents. And S Pen won't get misplaced thanks.</p>
</div>
</div>
<div class=""col-lg-6"">
<div class=""tp-product-details-desc-thumb""><img src=""https://cdn.shopify.com/s/files/1/0670/2301/2064/files/product-details-desc-1.jpg?v=1706118695"" alt=""""></div>
</div>
</div>
</div>
<div class=""tp-product-details-desc-item  pb-75"">
<div class=""row"">
<div class=""col-lg-7"">
<div class=""tp-product-details-desc-thumb""><img src=""https://cdn.shopify.com/s/files/1/0670/2301/2064/files/product-details-desc-2.jpg?v=1706118906"" alt=""""></div>
</div>
<div class=""col-lg-5 order-first order-lg-last"">
<div class=""tp-product-details-desc-content des-content-2 pl-40"">
<h3 class=""tp-product-details-desc-title"">Carry with <br> Confidence and style</h3>
<p>Wrap your tablet in a sleek case that's as stylish as it is convenient. Galaxy Tab S6 Lite Book Cover folds around and clings magnetically, so you can easily gear up as you're headed out the door. There's even a compartment for S pen, so you can be sure it doesn't get left behind.</p>
</div>
</div>
</div>
</div>
<div class=""tp-product-details-desc-item"">
<div class=""row"">
<div class=""col-xl-12"">
<div class=""tp-product-details-desc-banner text-center m-img"">
<h3 class=""tp-product-details-desc-banner-title tp-product-details-desc-title"">Speed Memory Power = Epic Races</h3>
<img src=""https://cdn.shopify.com/s/files/1/0670/2301/2064/files/product-details-desc-3.jpg?v=1706118907"" alt="""">
</div>
</div>
</div>
</div>
</div>",Shofy ecommerce,Apparel & Accessories > Shoes,Shoe,"Men's Fashion, offers, shoe, Women's Fashion",true,Color,pink,,,,,"",0.0,shopify,350,deny,manual,450.00,,true,true,"",https://cdn.shopify.com/s/files/1/0670/2301/2064/files/product-11-4.jpg?v=1708754801,2,"",false,,,,,,,,,,,,,,,kg,,,true,,,true,,,true,,,active
womens-essentials-convertible,,,,,,,,,yellow,,,,,"",0.0,shopify,350,deny,manual,450.00,,true,true,"",,,,,,,,,,,,,,,,,,https://cdn.shopify.com/s/files/1/0670/2301/2064/files/product-11-4.jpg?v=1708754801,kg,,,,,,,,,,,,
backpack-school-bag,"Backpack, School Bag. favorite moments","<div class=""col-xl-10"">
<div class=""tp-product-details-desc-item pb-105"">
<div class=""row"">
<div class=""col-lg-6"">
<div class=""tp-product-details-desc-content pt-25"">
<span>Galaxy A8 tablet</span>
<h3 class=""tp-product-details-desc-title"">Your world at a glance</h3>
<p>With a slim design, a vibrant entertainment system, and <br>outstanding performance, the new Galaxy Tab A7 is a stylish new <br>companion for your life.Dive head-first into the things you love, <br>and easily share your favorite moments. Learn, explore, connect <br>and be inspired.</p>
</div>
<div class=""tp-product-details-desc-content"">
<h3 class=""tp-product-details-desc-title"">Draw inspiration with S Pen</h3>
<p>S Pen is a bundle of writing instruments in one. Its natural grip, <br>low latency and impressive pressure sensitivity will make it your go-to for everything from drawing to editing documents. And S Pen won't get misplaced thanks.</p>
</div>
</div>
<div class=""col-lg-6"">
<div class=""tp-product-details-desc-thumb""><img src=""https://cdn.shopify.com/s/files/1/0670/2301/2064/files/product-details-desc-1.jpg?v=1706118695"" alt=""""></div>
</div>
</div>
</div>
<div class=""tp-product-details-desc-item  pb-75"">
<div class=""row"">
<div class=""col-lg-7"">
<div class=""tp-product-details-desc-thumb""><img src=""https://cdn.shopify.com/s/files/1/0670/2301/2064/files/product-details-desc-2.jpg?v=1706118906"" alt=""""></div>
</div>
<div class=""col-lg-5 order-first order-lg-last"">
<div class=""tp-product-details-desc-content des-content-2 pl-40"">
<h3 class=""tp-product-details-desc-title"">Carry with <br>Confidence and style</h3>
<p>Wrap your tablet in a sleek case that's as stylish as it is convenient. Galaxy Tab S6 Lite Book Cover folds around and clings magnetically, so you can easily gear up as you're headed out the door. There's even a compartment for S pen, so you can be sure it doesn't get left behind.</p>
</div>
</div>
</div>
</div>
<div class=""tp-product-details-desc-item"">
<div class=""row"">
<div class=""col-xl-12"">
<div class=""tp-product-details-desc-banner text-center m-img"">
<h3 class=""tp-product-details-desc-banner-title tp-product-details-desc-title"">Speed Memory Power = Epic Races</h3>
<img src=""https://cdn.shopify.com/s/files/1/0670/2301/2064/files/product-details-desc-3.jpg?v=1706118907"" alt="""">
</div>
</div>
</div>
</div>
</div>",Shofy ecommerce,,Backpack,"Backpack, Men's Fashion, offers, Women's Fashion",true,Color,Black,,,,,"",0.0,shopify,300,deny,manual,500.00,,true,true,"",https://cdn.shopify.com/s/files/1/0670/2301/2064/files/product-13-3.jpg?v=1708753666,1,"",false,,,,,,,,,,,,,,https://cdn.shopify.com/s/files/1/0670/2301/2064/files/product-10-3.jpg?v=1708753696,kg,,,true,,,true,,,true,,,active
backpack-school-bag,,,,,,,,,Yellow,,,,,"",0.0,shopify,340,deny,manual,400.00,,true,true,"",https://cdn.shopify.com/s/files/1/0670/2301/2064/files/product-9-4.jpg?v=1708753682,2,"",,,,,,,,,,,,,,,https://cdn.shopify.com/s/files/1/0670/2301/2064/files/product-9-4.jpg?v=1708753682,kg,,,,,,,,,,,,
backpack-school-bag,,,,,,,,,Red,,,,,"",0.0,shopify,545,deny,manual,650.00,,true,true,"",https://cdn.shopify.com/s/files/1/0670/2301/2064/files/product-10-3.jpg?v=1708753696,3,"",,,,,,,,,,,,,,,https://cdn.shopify.com/s/files/1/0670/2301/2064/files/product-13-3.jpg?v=1708753666,kg,,,,,,,,,,,,
backpack-school-bag,,,,,,,,,Pink,,,,,"",0.0,shopify,344,deny,manual,430.00,,true,true,"",,,,,,,,,,,,,,,,,,https://cdn.shopify.com/s/files/1/0670/2301/2064/files/product-13-3.jpg?v=1708753666,kg,,,,,,,,,,,,
legendary-whitetails-mens,Legendary Whitetails Men's.With a slim design.,"<div class=""col-xl-10"">
<div class=""tp-product-details-desc-item pb-105"">
<div class=""row"">
<div class=""col-lg-6"">
<div class=""tp-product-details-desc-content pt-25"">
<span>Galaxy A8 tablet</span>
<h3 class=""tp-product-details-desc-title"">Your world at a glance</h3>
<p>With a slim design, a vibrant entertainment system, and <br>outstanding performance, the new Galaxy Tab A7 is a stylish new <br>companion for your life.Dive head-first into the things you love, <br>and easily share your favorite moments. Learn, explore, connect <br>and be inspired.</p>
</div>
<div class=""tp-product-details-desc-content"">
<h3 class=""tp-product-details-desc-title"">Draw inspiration with S Pen</h3>
<p>S Pen is a bundle of writing instruments in one. Its natural grip, <br>low latency and impressive pressure sensitivity will make it your go-to for everything from drawing to editing documents. And S Pen won't get misplaced thanks.</p>
</div>
</div>
<div class=""col-lg-6"">
<div class=""tp-product-details-desc-thumb""><img src=""https://cdn.shopify.com/s/files/1/0670/2301/2064/files/product-details-desc-1.jpg?v=1706118695"" alt=""""></div>
</div>
</div>
</div>
<div class=""tp-product-details-desc-item  pb-75"">
<div class=""row"">
<div class=""col-lg-7"">
<div class=""tp-product-details-desc-thumb""><img src=""https://cdn.shopify.com/s/files/1/0670/2301/2064/files/product-details-desc-2.jpg?v=1706118906"" alt=""""></div>
</div>
<div class=""col-lg-5 order-first order-lg-last"">
<div class=""tp-product-details-desc-content des-content-2 pl-40"">
<h3 class=""tp-product-details-desc-title"">Carry with <br>Confidence and style</h3>
<p>Wrap your tablet in a sleek case that's as stylish as it is convenient. Galaxy Tab S6 Lite Book Cover folds around and clings magnetically, so you can easily gear up as you're headed out the door. There's even a compartment for S pen, so you can be sure it doesn't get left behind.</p>
</div>
</div>
</div>
</div>
<div class=""tp-product-details-desc-item"">
<div class=""row"">
<div class=""col-xl-12"">
<div class=""tp-product-details-desc-banner text-center m-img"">
<h3 class=""tp-product-details-desc-banner-title tp-product-details-desc-title"">Speed Memory Power = Epic Races</h3>
<img src=""https://cdn.shopify.com/s/files/1/0670/2301/2064/files/product-details-desc-3.jpg?v=1706118907"" alt="""">
</div>
</div>
</div>
</div>
</div>",themepure,Apparel & Accessories > Clothing,Dress,"cloths, Women's Fashion",true,Color,gray,Size,M,,,"",0.0,shopify,300,deny,manual,300.00,,true,true,"",https://cdn.shopify.com/s/files/1/0670/2301/2064/files/product-12-3.jpg?v=1708753988,1,"",false,,,,,,,,,,,,,,https://cdn.shopify.com/s/files/1/0670/2301/2064/files/product-12-3.jpg?v=1708753988,kg,,,true,,,true,,,true,,,active
legendary-whitetails-mens,,,,,,,,,red,,M,,,"",0.0,shopify,299,deny,manual,350.00,,true,true,"",https://cdn.shopify.com/s/files/1/0670/2301/2064/files/product-15-2.jpg?v=1708754017,2,"",,,,,,,,,,,,,,,https://cdn.shopify.com/s/files/1/0670/2301/2064/files/product-16-2.jpg?v=1708754017,kg,,,,,,,,,,,,
legendary-whitetails-mens,,,,,,,,,,,,,,,,,,,,,,,,,https://cdn.shopify.com/s/files/1/0670/2301/2064/files/product-16-2.jpg?v=1708754017,3,"",,,,,,,,,,,,,,,,,,,,,,,,,,,,
whitetails-womens-open-sky,"Whitetails Women's Open Sky vibrant entertainment system,","<div class=""col-xl-10"">
<div class=""tp-product-details-desc-item pb-105"">
<div class=""row"">
<div class=""col-lg-6"">
<div class=""tp-product-details-desc-content pt-25"">
<span>Galaxy A8 tablet</span>
<h3 class=""tp-product-details-desc-title"">Your world at a glance</h3>
<p>With a slim design, a vibrant entertainment system, and <br> outstanding performance, the new Galaxy Tab A7 is a stylish new <br> companion for your life.Dive head-first into the things you love, <br> and easily share your favorite moments. Learn, explore, connect <br> and be inspired.</p>
</div>
<div class=""tp-product-details-desc-content"">
<h3 class=""tp-product-details-desc-title"">Draw inspiration with S Pen</h3>
<p>S Pen is a bundle of writing instruments in one. Its natural grip, <br> low latency and impressive pressure sensitivity will make it your go-to for everything from drawing to editing documents. And S Pen won't get misplaced thanks.</p>
</div>
</div>
<div class=""col-lg-6"">
<div class=""tp-product-details-desc-thumb""><img src=""https://cdn.shopify.com/s/files/1/0670/2301/2064/files/product-details-desc-1.jpg?v=1706118695"" alt=""""></div>
</div>
</div>
</div>
<div class=""tp-product-details-desc-item  pb-75"">
<div class=""row"">
<div class=""col-lg-7"">
<div class=""tp-product-details-desc-thumb""><img src=""https://cdn.shopify.com/s/files/1/0670/2301/2064/files/product-details-desc-2.jpg?v=1706118906"" alt=""""></div>
</div>
<div class=""col-lg-5 order-first order-lg-last"">
<div class=""tp-product-details-desc-content des-content-2 pl-40"">
<h3 class=""tp-product-details-desc-title"">Carry with <br> Confidence and style</h3>
<p>Wrap your tablet in a sleek case that's as stylish as it is convenient. Galaxy Tab S6 Lite Book Cover folds around and clings magnetically, so you can easily gear up as you're headed out the door. There's even a compartment for S pen, so you can be sure it doesn't get left behind.</p>
</div>
</div>
</div>
</div>
<div class=""tp-product-details-desc-item"">
<div class=""row"">
<div class=""col-xl-12"">
<div class=""tp-product-details-desc-banner text-center m-img"">
<h3 class=""tp-product-details-desc-banner-title tp-product-details-desc-title"">Speed Memory Power = Epic Races</h3>
<img src=""https://cdn.shopify.com/s/files/1/0670/2301/2064/files/product-details-desc-3.jpg?v=1706118907"" alt="""">
</div>
</div>
</div>
</div>
</div>",Shofy ecommerce,Apparel & Accessories > Clothing > Shirts & Tops,Dress,"",true,Color,Green,,,,,"",100.0,shopify,40,deny,manual,400.00,200.00,true,true,"",https://cdn.shopify.com/s/files/1/0670/2301/2064/files/product-15-2_b4e3c753-5d78-433a-b1bf-f13faf8d2ac7.jpg?v=1708754575,1,"",false,,,,,,,,,,,,,,https://cdn.shopify.com/s/files/1/0670/2301/2064/files/product-15-2_b4e3c753-5d78-433a-b1bf-f13faf8d2ac7.jpg?v=1708754575,g,,,true,,,true,,,true,,,active
whitetails-womens-open-sky,,,,,,,,,Pink,,,,,"",100.0,shopify,40,deny,manual,300.00,200.00,true,true,"",https://cdn.shopify.com/s/files/1/0670/2301/2064/files/product-16-2_592bdc9e-575c-42a3-8e32-c1d119ca39e6.jpg?v=1708754576,2,"",,,,,,,,,,,,,,,https://cdn.shopify.com/s/files/1/0670/2301/2064/files/product-17-2_10edf385-8322-4738-aea2-a8ca40a4df37.jpg?v=1708754575,g,,,,,,,,,,,,
whitetails-womens-open-sky,,,,,,,,,,,,,,,,,,,,,,,,,https://cdn.shopify.com/s/files/1/0670/2301/2064/files/product-17-2_10edf385-8322-4738-aea2-a8ca40a4df37.jpg?v=1708754575,3,"",,,,,,,,,,,,,,,,,,,,,,,,,,,,
tracker-with-ip67-waterproof-pedometer-smart-watch,Tracker with IP67 Waterproof Pedometer Smart watch.,"<div class=""col-xl-10"">
<div class=""tp-product-details-desc-item pb-105"">
<div class=""row"">
<div class=""col-lg-6"">
<div class=""tp-product-details-desc-content pt-25"">
<span>Galaxy A8 tablet</span>
<h3 class=""tp-product-details-desc-title"">Your world at a glance</h3>
<p>With a slim design, a vibrant entertainment system, and <br> outstanding performance, the new Galaxy Tab A7 is a stylish new <br> companion for your life.Dive head-first into the things you love, <br> and easily share your favorite moments. Learn, explore, connect <br> and be inspired.</p>
</div>
<div class=""tp-product-details-desc-content"">
<h3 class=""tp-product-details-desc-title"">Draw inspiration with S Pen</h3>
<p>S Pen is a bundle of writing instruments in one. Its natural grip, <br> low latency and impressive pressure sensitivity will make it your go-to for everything from drawing to editing documents. And S Pen won't get misplaced thanks.</p>
</div>
</div>
<div class=""col-lg-6"">
<div class=""tp-product-details-desc-thumb""><img src=""https://cdn.shopify.com/s/files/1/0670/2301/2064/files/product-details-desc-1.jpg?v=1706118695"" alt=""""></div>
</div>
</div>
</div>
<div class=""tp-product-details-desc-item  pb-75"">
<div class=""row"">
<div class=""col-lg-7"">
<div class=""tp-product-details-desc-thumb""><img src=""https://cdn.shopify.com/s/files/1/0670/2301/2064/files/product-details-desc-2.jpg?v=1706118906"" alt=""""></div>
</div>
<div class=""col-lg-5 order-first order-lg-last"">
<div class=""tp-product-details-desc-content des-content-2 pl-40"">
<h3 class=""tp-product-details-desc-title"">Carry with <br> Confidence and style</h3>
<p>Wrap your tablet in a sleek case that's as stylish as it is convenient. Galaxy Tab S6 Lite Book Cover folds around and clings magnetically, so you can easily gear up as you're headed out the door. There's even a compartment for S pen, so you can be sure it doesn't get left behind.</p>
</div>
</div>
</div>
</div>
<div class=""tp-product-details-desc-item"">
<div class=""row"">
<div class=""col-xl-12"">
<div class=""tp-product-details-desc-banner text-center m-img"">
<h3 class=""tp-product-details-desc-banner-title tp-product-details-desc-title"">Speed Memory Power = Epic Races</h3>
<img src=""https://cdn.shopify.com/s/files/1/0670/2301/2064/files/product-details-desc-3.jpg?v=1706118907"" alt="""">
</div>
</div>
</div>
</div>
</div>",Mojahid,Electronics,"","Men's Fashion, smart watch",true,Size,M,Color,Black,,,"",1000.0,shopify,600,deny,manual,1000.00,900.00,true,false,"",https://cdn.shopify.com/s/files/1/0670/2301/2064/files/product-2-1-1.jpg?v=1708754249,1,"",false,,,,,,,,,,,,,,https://cdn.shopify.com/s/files/1/0670/2301/2064/files/product-2-3.jpg?v=1708754249,kg,,,true,,,true,,,true,,,active
tracker-with-ip67-waterproof-pedometer-smart-watch,,,,,,,,,M,,Green,,,"",1000.0,shopify,600,deny,manual,1000.00,900.00,true,false,"",https://cdn.shopify.com/s/files/1/0670/2301/2064/files/product-2-2.jpg?v=1708754249,2,"",,,,,,,,,,,,,,,https://cdn.shopify.com/s/files/1/0670/2301/2064/files/product-2-3.jpg?v=1708754249,kg,,,,,,,,,,,,
tracker-with-ip67-waterproof-pedometer-smart-watch,,,,,,,,,L,,Black,,,"",1000.0,shopify,600,deny,manual,1000.00,900.00,true,false,"",https://cdn.shopify.com/s/files/1/0670/2301/2064/files/product-2-3.jpg?v=1708754249,3,"",,,,,,,,,,,,,,,https://cdn.shopify.com/s/files/1/0670/2301/2064/files/product-2-1-1.jpg?v=1708754249,kg,,,,,,,,,,,,
tracker-with-ip67-waterproof-pedometer-smart-watch,,,,,,,,,L,,Green,,,"",1000.0,shopify,600,deny,manual,1000.00,900.00,true,false,"",,,,,,,,,,,,,,,,,,https://cdn.shopify.com/s/files/1/0670/2301/2064/files/product-2-1-1.jpg?v=1708754249,kg,,,,,,,,,,,,
galaxy-tab-s6-lite-10-4-inch-android-tablet-128gb,Galaxy Tab S6 Lite 10.4-inch Android Tablet 128GB.,"<div class=""col-xl-10"">
<div class=""tp-product-details-desc-item pb-105"">
<div class=""row"">
<div class=""col-lg-6"">
<div class=""tp-product-details-desc-content pt-25"">
<span>Galaxy A8 tablet</span>
<h3 class=""tp-product-details-desc-title"">Your world at a glance</h3>
<p>With a slim design, a vibrant entertainment system, and <br> outstanding performance, the new Galaxy Tab A7 is a stylish new <br> companion for your life.Dive head-first into the things you love, <br> and easily share your favorite moments. Learn, explore, connect <br> and be inspired.</p>
</div>
<div class=""tp-product-details-desc-content"">
<h3 class=""tp-product-details-desc-title"">Draw inspiration with S Pen</h3>
<p>S Pen is a bundle of writing instruments in one. Its natural grip, <br> low latency and impressive pressure sensitivity will make it your go-to for everything from drawing to editing documents. And S Pen won't get misplaced thanks.</p>
</div>
</div>
<div class=""col-lg-6"">
<div class=""tp-product-details-desc-thumb""><img alt="""" src=""https://cdn.shopify.com/s/files/1/0670/2301/2064/files/product-details-desc-1.jpg?v=1706118695""></div>
</div>
</div>
</div>
<div class=""tp-product-details-desc-item  pb-75"">
<div class=""row"">
<div class=""col-lg-7"">
<div class=""tp-product-details-desc-thumb""><img alt="""" src=""https://cdn.shopify.com/s/files/1/0670/2301/2064/files/product-details-desc-2.jpg?v=1706118906""></div>
</div>
<div class=""col-lg-5 order-first order-lg-last"">
<div class=""tp-product-details-desc-content des-content-2 pl-40"">
<h3 class=""tp-product-details-desc-title"">Carry with <br> Confidence and style</h3>
<p>Wrap your tablet in a sleek case that's as stylish as it is convenient. Galaxy Tab S6 Lite Book Cover folds around and clings magnetically, so you can easily gear up as you're headed out the door. There's even a compartment for S pen, so you can be sure it doesn't get left behind.</p>
</div>
</div>
</div>
</div>
<div class=""tp-product-details-desc-item"">
<div class=""row"">
<div class=""col-xl-12"">
<div class=""tp-product-details-desc-banner text-center m-img"">
<h3 class=""tp-product-details-desc-banner-title tp-product-details-desc-title"">Speed Memory Power = Epic Races</h3>
<img alt="""" src=""https://cdn.shopify.com/s/files/1/0670/2301/2064/files/product-details-desc-3.jpg?v=1706118907"">
</div>
</div>
</div>
</div>
</div>",Mojahid,Animals & Pet Supplies,"",electronics,true,Title,Default Title,,,,,"",0.0,shopify,20,deny,manual,220.00,320.00,true,true,"",https://cdn.shopify.com/s/files/1/0670/2301/2064/files/product-1-2.jpg?v=1708753890,1,"",false,,,,,,,,,,,,,,,kg,,130.00,true,,,true,,,true,,,active
galaxy-tab-s6-lite-10-4-inch-android-tablet-128gb,,,,,,,,,,,,,,,,,,,,,,,,,https://cdn.shopify.com/s/files/1/0670/2301/2064/files/product-1-1.jpg?v=1708753890,2,"",,,,,,,,,,,,,,,,,,,,,,,,,,,,
