Handle,Title,Body (HTML),Vendor,Product Category,Type,Tags,Published,Option1 Name,Option1 Value,Option2 Name,Option2 Value,Option3 Name,Option3 Value,Variant SKU,Variant Grams,Variant Inventory Tracker,Variant Inventory Qty,Variant Inventory Policy,Variant Fulfillment Service,Variant Price,Variant Compare At Price,Variant Requires Shipping,Variant Taxable,Variant Barcode,Image Src,Image Position,Image Alt Text,Gift Card,SEO Title,SEO Description,Google Shopping / Google Product Category,Google Shopping / Gender,Google Shopping / Age Group,Google Shopping / MPN,Google Shopping / Condition,Google Shopping / Custom Product,Google Shopping / Custom Label 0,Google Shopping / Custom Label 1,Google Shopping / Custom Label 2,Google Shopping / Custom Label 3,Google Shopping / Custom Label 4,Variant Image,Variant Weight Unit,Variant Tax Code,Cost per item,Included / Bangladesh,Price / Bangladesh,Compare At Price / Bangladesh,Included / International,Price / International,Compare At Price / International,Status
apple-watch-valet-green-for-kids,Apple Watch Valet Green For kids vibrant entertainmen,"<div class=""col-xl-10"">
<div class=""tp-product-details-desc-item pb-105"">
<div class=""row"">
<div class=""col-lg-6"">
<div class=""tp-product-details-desc-content pt-25"">
<span>Galaxy A8 tablet</span>
<h3 class=""tp-product-details-desc-title"">Your world at a glance</h3>
<p>With a slim design, a vibrant entertainment system, and <br>outstanding performance, the new Galaxy Tab A7 is a stylish new <br>companion for your life.Dive head-first into the things you love, <br>and easily share your favorite moments. Learn, explore, connect <br>and be inspired.</p>
</div>
<div class=""tp-product-details-desc-content"">
<h3 class=""tp-product-details-desc-title"">Draw inspiration with S Pen</h3>
<p>S Pen is a bundle of writing instruments in one. Its natural grip, <br>low latency and impressive pressure sensitivity will make it your go-to for everything from drawing to editing documents. And S Pen won't get misplaced thanks.</p>
</div>
</div>
<div class=""col-lg-6"">
<div class=""tp-product-details-desc-thumb""><img alt="""" src=""https://cdn.shopify.com/s/files/1/0670/2301/2064/files/product-details-desc-1.jpg?v=1706118695""></div>
</div>
</div>
</div>
<div class=""tp-product-details-desc-item  pb-75"">
<div class=""row"">
<div class=""col-lg-7"">
<div class=""tp-product-details-desc-thumb""><img alt="""" src=""https://cdn.shopify.com/s/files/1/0670/2301/2064/files/product-details-desc-2.jpg?v=1706118906""></div>
</div>
<div class=""col-lg-5 order-first order-lg-last"">
<div class=""tp-product-details-desc-content des-content-2 pl-40"">
<h3 class=""tp-product-details-desc-title"">Carry with <br>Confidence and style</h3>
<p>Wrap your tablet in a sleek case that's as stylish as it is convenient. Galaxy Tab S6 Lite Book Cover folds around and clings magnetically, so you can easily gear up as you're headed out the door. There's even a compartment for S pen, so you can be sure it doesn't get left behind.</p>
</div>
</div>
</div>
</div>
<div class=""tp-product-details-desc-item"">
<div class=""row"">
<div class=""col-xl-12"">
<div class=""tp-product-details-desc-banner text-center m-img"">
<h3 class=""tp-product-details-desc-banner-title tp-product-details-desc-title"">Speed Memory Power = Epic Races</h3>
<img alt="""" src=""https://cdn.shopify.com/s/files/1/0670/2301/2064/files/product-details-desc-3.jpg?v=1706118907"">
</div>
</div>
</div>
</div>
</div>",Shofy ecommerce,Apparel & Accessories > Jewelry > Watches,watch,"apple, Men's Fashion, watch",true,Color,green,,,,,"",0.0,shopify,999,deny,manual,199.00,,true,true,"",https://cdn.shopify.com/s/files/1/0638/3792/9524/files/product-22-1.jpg?v=1714984663,1,"",false,,,,,,,,,,,,,,https://cdn.shopify.com/s/files/1/0638/3792/9524/files/product-22-1.jpg?v=1714984663,kg,,,true,,,true,,,active
apple-watch-valet-green-for-kids,,,,,,,,,black,,,,,"",0.0,shopify,999,deny,manual,299.00,,true,true,"",https://cdn.shopify.com/s/files/1/0638/3792/9524/files/product-2-1-1_acf534c7-f3db-434c-99a8-5d8371b89323.jpg?v=1714984663,2,"",,,,,,,,,,,,,,,https://cdn.shopify.com/s/files/1/0638/3792/9524/files/product-2-1-1_acf534c7-f3db-434c-99a8-5d8371b89323.jpg?v=1714984663,kg,,,,,,,,,
apple-watch-valet-green-for-kids,,,,,,,,,gray,,,,,"",0.0,shopify,999,deny,manual,239.00,,true,true,"",https://cdn.shopify.com/s/files/1/0638/3792/9524/files/product-2-2_8b28fb79-32ec-44dd-8517-6cd338171d91.jpg?v=1714984663,3,"",,,,,,,,,,,,,,,https://cdn.shopify.com/s/files/1/0638/3792/9524/files/product-2-2_8b28fb79-32ec-44dd-8517-6cd338171d91.jpg?v=1714984663,kg,,,,,,,,,
addidas-sports,"Addidas Sports With a slim design, a vibrant entertainment","<div class=""col-xl-10"">
<div class=""tp-product-details-desc-item pb-105"">
<div class=""row"">
<div class=""col-lg-6"">
<div class=""tp-product-details-desc-content pt-25"">
<span>Galaxy A8 tablet</span>
<h3 class=""tp-product-details-desc-title"">Your world at a glance</h3>
<p>With a slim design, a vibrant entertainment system, and <br> outstanding performance, the new Galaxy Tab A7 is a stylish new <br> companion for your life.Dive head-first into the things you love, <br> and easily share your favorite moments. Learn, explore, connect <br> and be inspired.</p>
</div>
<div class=""tp-product-details-desc-content"">
<h3 class=""tp-product-details-desc-title"">Draw inspiration with S Pen</h3>
<p>S Pen is a bundle of writing instruments in one. Its natural grip, <br> low latency and impressive pressure sensitivity will make it your go-to for everything from drawing to editing documents. And S Pen won't get misplaced thanks.</p>
</div>
</div>
<div class=""col-lg-6"">
<div class=""tp-product-details-desc-thumb""><img src=""https://cdn.shopify.com/s/files/1/0670/2301/2064/files/product-details-desc-1.jpg?v=1706118695"" alt=""""></div>
</div>
</div>
</div>
<div class=""tp-product-details-desc-item  pb-75"">
<div class=""row"">
<div class=""col-lg-7"">
<div class=""tp-product-details-desc-thumb""><img src=""https://cdn.shopify.com/s/files/1/0670/2301/2064/files/product-details-desc-2.jpg?v=1706118906"" alt=""""></div>
</div>
<div class=""col-lg-5 order-first order-lg-last"">
<div class=""tp-product-details-desc-content des-content-2 pl-40"">
<h3 class=""tp-product-details-desc-title"">Carry with <br> Confidence and style</h3>
<p>Wrap your tablet in a sleek case that's as stylish as it is convenient. Galaxy Tab S6 Lite Book Cover folds around and clings magnetically, so you can easily gear up as you're headed out the door. There's even a compartment for S pen, so you can be sure it doesn't get left behind.</p>
</div>
</div>
</div>
</div>
<div class=""tp-product-details-desc-item"">
<div class=""row"">
<div class=""col-xl-12"">
<div class=""tp-product-details-desc-banner text-center m-img"">
<h3 class=""tp-product-details-desc-banner-title tp-product-details-desc-title"">Speed Memory Power = Epic Races</h3>
<img src=""https://cdn.shopify.com/s/files/1/0670/2301/2064/files/product-details-desc-3.jpg?v=1706118907"" alt="""">
</div>
</div>
</div>
</div>
</div>",Shofy ecommerce,Apparel & Accessories > Shoes,Shoe,"shoe, Sportwear",true,Color,brown,,,,,"",0.0,shopify,699,deny,manual,299.00,,true,true,"",https://cdn.shopify.com/s/files/1/0638/3792/9524/files/product-3-7_3f3ab725-399c-461c-8f19-2f33bd512bbb.jpg?v=1714984657,1,"",false,,,,,,,,,,,,,,https://cdn.shopify.com/s/files/1/0638/3792/9524/files/product-3-7_3f3ab725-399c-461c-8f19-2f33bd512bbb.jpg?v=1714984657,kg,,,true,,,true,,,active
addidas-sports,,,,,,,,,SkyBlue,,,,,"",0.0,shopify,500,deny,manual,199.00,,true,true,"",https://cdn.shopify.com/s/files/1/0638/3792/9524/files/product-8-4_21a8bd0b-419d-460f-9bd4-b19f07a85ec5.jpg?v=1714984658,2,"",,,,,,,,,,,,,,,https://cdn.shopify.com/s/files/1/0638/3792/9524/files/product-21-2_30bdf5f1-a3bc-4255-84a5-8de28e4b98d4.jpg?v=1714984658,kg,,,,,,,,,
addidas-sports,,,,,,,,,Violet,,,,,"",0.0,shopify,300,deny,manual,99.00,,true,true,"",https://cdn.shopify.com/s/files/1/0638/3792/9524/files/product-21-2_30bdf5f1-a3bc-4255-84a5-8de28e4b98d4.jpg?v=1714984658,3,"",,,,,,,,,,,,,,,https://cdn.shopify.com/s/files/1/0638/3792/9524/files/product-8-4_21a8bd0b-419d-460f-9bd4-b19f07a85ec5.jpg?v=1714984658,kg,,,,,,,,,
womens-essentials-convertible,"Women's Essentials Convertible With a slim design,","<div class=""col-xl-10"">
<div class=""tp-product-details-desc-item pb-105"">
<div class=""row"">
<div class=""col-lg-6"">
<div class=""tp-product-details-desc-content pt-25"">
<span>Galaxy A8 tablet</span>
<h3 class=""tp-product-details-desc-title"">Your world at a glance</h3>
<p>With a slim design, a vibrant entertainment system, and <br> outstanding performance, the new Galaxy Tab A7 is a stylish new <br> companion for your life.Dive head-first into the things you love, <br> and easily share your favorite moments. Learn, explore, connect <br> and be inspired.</p>
</div>
<div class=""tp-product-details-desc-content"">
<h3 class=""tp-product-details-desc-title"">Draw inspiration with S Pen</h3>
<p>S Pen is a bundle of writing instruments in one. Its natural grip, <br> low latency and impressive pressure sensitivity will make it your go-to for everything from drawing to editing documents. And S Pen won't get misplaced thanks.</p>
</div>
</div>
<div class=""col-lg-6"">
<div class=""tp-product-details-desc-thumb""><img src=""https://cdn.shopify.com/s/files/1/0670/2301/2064/files/product-details-desc-1.jpg?v=1706118695"" alt=""""></div>
</div>
</div>
</div>
<div class=""tp-product-details-desc-item  pb-75"">
<div class=""row"">
<div class=""col-lg-7"">
<div class=""tp-product-details-desc-thumb""><img src=""https://cdn.shopify.com/s/files/1/0670/2301/2064/files/product-details-desc-2.jpg?v=1706118906"" alt=""""></div>
</div>
<div class=""col-lg-5 order-first order-lg-last"">
<div class=""tp-product-details-desc-content des-content-2 pl-40"">
<h3 class=""tp-product-details-desc-title"">Carry with <br> Confidence and style</h3>
<p>Wrap your tablet in a sleek case that's as stylish as it is convenient. Galaxy Tab S6 Lite Book Cover folds around and clings magnetically, so you can easily gear up as you're headed out the door. There's even a compartment for S pen, so you can be sure it doesn't get left behind.</p>
</div>
</div>
</div>
</div>
<div class=""tp-product-details-desc-item"">
<div class=""row"">
<div class=""col-xl-12"">
<div class=""tp-product-details-desc-banner text-center m-img"">
<h3 class=""tp-product-details-desc-banner-title tp-product-details-desc-title"">Speed Memory Power = Epic Races</h3>
<img src=""https://cdn.shopify.com/s/files/1/0670/2301/2064/files/product-details-desc-3.jpg?v=1706118907"" alt="""">
</div>
</div>
</div>
</div>
</div>",Shofy ecommerce,Apparel & Accessories > Shoes,Shoe,"Men's Fashion, offers, shoe, Women's Fashion",true,Color,pink,,,,,"",0.0,shopify,350,deny,manual,450.00,,true,true,"",https://cdn.shopify.com/s/files/1/0638/3792/9524/files/product-11-4_8d207ff0-c143-4414-bdd1-4367e265289a.jpg?v=1714984651,1,"",false,,,,,,,,,,,,,,,kg,,,true,,,true,,,active
womens-essentials-convertible,,,,,,,,,yellow,,,,,"",0.0,shopify,350,deny,manual,450.00,,true,true,"",,,,,,,,,,,,,,,,,,https://cdn.shopify.com/s/files/1/0638/3792/9524/files/product-11-4_8d207ff0-c143-4414-bdd1-4367e265289a.jpg?v=1714984651,kg,,,,,,,,,
legendary-whitetails-mens,"Legendary Whitetails Men's.With a slim design, a vibrant .","<div class=""col-xl-10"">
<div class=""tp-product-details-desc-item pb-105"">
<div class=""row"">
<div class=""col-lg-6"">
<div class=""tp-product-details-desc-content pt-25"">
<span>Galaxy A8 tablet</span>
<h3 class=""tp-product-details-desc-title"">Your world at a glance</h3>
<p>With a slim design, a vibrant entertainment system, and <br>outstanding performance, the new Galaxy Tab A7 is a stylish new <br>companion for your life.Dive head-first into the things you love, <br>and easily share your favorite moments. Learn, explore, connect <br>and be inspired.</p>
</div>
<div class=""tp-product-details-desc-content"">
<h3 class=""tp-product-details-desc-title"">Draw inspiration with S Pen</h3>
<p>S Pen is a bundle of writing instruments in one. Its natural grip, <br>low latency and impressive pressure sensitivity will make it your go-to for everything from drawing to editing documents. And S Pen won't get misplaced thanks.</p>
</div>
</div>
<div class=""col-lg-6"">
<div class=""tp-product-details-desc-thumb""><img src=""https://cdn.shopify.com/s/files/1/0670/2301/2064/files/product-details-desc-1.jpg?v=1706118695"" alt=""""></div>
</div>
</div>
</div>
<div class=""tp-product-details-desc-item  pb-75"">
<div class=""row"">
<div class=""col-lg-7"">
<div class=""tp-product-details-desc-thumb""><img src=""https://cdn.shopify.com/s/files/1/0670/2301/2064/files/product-details-desc-2.jpg?v=1706118906"" alt=""""></div>
</div>
<div class=""col-lg-5 order-first order-lg-last"">
<div class=""tp-product-details-desc-content des-content-2 pl-40"">
<h3 class=""tp-product-details-desc-title"">Carry with <br>Confidence and style</h3>
<p>Wrap your tablet in a sleek case that's as stylish as it is convenient. Galaxy Tab S6 Lite Book Cover folds around and clings magnetically, so you can easily gear up as you're headed out the door. There's even a compartment for S pen, so you can be sure it doesn't get left behind.</p>
</div>
</div>
</div>
</div>
<div class=""tp-product-details-desc-item"">
<div class=""row"">
<div class=""col-xl-12"">
<div class=""tp-product-details-desc-banner text-center m-img"">
<h3 class=""tp-product-details-desc-banner-title tp-product-details-desc-title"">Speed Memory Power = Epic Races</h3>
<img src=""https://cdn.shopify.com/s/files/1/0670/2301/2064/files/product-details-desc-3.jpg?v=1706118907"" alt="""">
</div>
</div>
</div>
</div>
</div>",themepure,Apparel & Accessories > Clothing,Dress,"cloths, Women's Fashion",true,Color,gray,Size,M,,,"",0.0,shopify,300,deny,manual,300.00,,true,true,"",https://cdn.shopify.com/s/files/1/0638/3792/9524/files/product-12-3_1217e01d-0cdb-4d5e-aa45-b582c180b24f.jpg?v=1714984647,1,"",false,,,,,,,,,,,,,,https://cdn.shopify.com/s/files/1/0638/3792/9524/files/product-12-3_1217e01d-0cdb-4d5e-aa45-b582c180b24f.jpg?v=1714984647,kg,,,true,,,true,,,active
legendary-whitetails-mens,,,,,,,,,red,,M,,,"",0.0,shopify,299,deny,manual,350.00,,true,true,"",https://cdn.shopify.com/s/files/1/0638/3792/9524/files/product-15-2_1a4752fa-fbdf-49bf-b875-80ff6c63b2fc.jpg?v=1714984647,2,"",,,,,,,,,,,,,,,https://cdn.shopify.com/s/files/1/0638/3792/9524/files/product-16-2_79e01fd6-1cd8-4c4d-b410-4c7c9283266f.jpg?v=1714984647,kg,,,,,,,,,
legendary-whitetails-mens,,,,,,,,,,,,,,,,,,,,,,,,,https://cdn.shopify.com/s/files/1/0638/3792/9524/files/product-16-2_79e01fd6-1cd8-4c4d-b410-4c7c9283266f.jpg?v=1714984647,3,"",,,,,,,,,,,,,,,,,,,,,,,,,
whitetails-womens-open-sky,"Whitetails Women's Open Sky vibrant entertainment system,","<div class=""col-xl-10"">
<div class=""tp-product-details-desc-item pb-105"">
<div class=""row"">
<div class=""col-lg-6"">
<div class=""tp-product-details-desc-content pt-25"">
<span>Galaxy A8 tablet</span>
<h3 class=""tp-product-details-desc-title"">Your world at a glance</h3>
<p>With a slim design, a vibrant entertainment system, and <br> outstanding performance, the new Galaxy Tab A7 is a stylish new <br> companion for your life.Dive head-first into the things you love, <br> and easily share your favorite moments. Learn, explore, connect <br> and be inspired.</p>
</div>
<div class=""tp-product-details-desc-content"">
<h3 class=""tp-product-details-desc-title"">Draw inspiration with S Pen</h3>
<p>S Pen is a bundle of writing instruments in one. Its natural grip, <br> low latency and impressive pressure sensitivity will make it your go-to for everything from drawing to editing documents. And S Pen won't get misplaced thanks.</p>
</div>
</div>
<div class=""col-lg-6"">
<div class=""tp-product-details-desc-thumb""><img src=""https://cdn.shopify.com/s/files/1/0670/2301/2064/files/product-details-desc-1.jpg?v=1706118695"" alt=""""></div>
</div>
</div>
</div>
<div class=""tp-product-details-desc-item  pb-75"">
<div class=""row"">
<div class=""col-lg-7"">
<div class=""tp-product-details-desc-thumb""><img src=""https://cdn.shopify.com/s/files/1/0670/2301/2064/files/product-details-desc-2.jpg?v=1706118906"" alt=""""></div>
</div>
<div class=""col-lg-5 order-first order-lg-last"">
<div class=""tp-product-details-desc-content des-content-2 pl-40"">
<h3 class=""tp-product-details-desc-title"">Carry with <br> Confidence and style</h3>
<p>Wrap your tablet in a sleek case that's as stylish as it is convenient. Galaxy Tab S6 Lite Book Cover folds around and clings magnetically, so you can easily gear up as you're headed out the door. There's even a compartment for S pen, so you can be sure it doesn't get left behind.</p>
</div>
</div>
</div>
</div>
<div class=""tp-product-details-desc-item"">
<div class=""row"">
<div class=""col-xl-12"">
<div class=""tp-product-details-desc-banner text-center m-img"">
<h3 class=""tp-product-details-desc-banner-title tp-product-details-desc-title"">Speed Memory Power = Epic Races</h3>
<img src=""https://cdn.shopify.com/s/files/1/0670/2301/2064/files/product-details-desc-3.jpg?v=1706118907"" alt="""">
</div>
</div>
</div>
</div>
</div>",Shofy ecommerce,Apparel & Accessories > Clothing > Shirts & Tops,Dress,"",true,Color,Green,,,,,"",100.0,shopify,40,deny,manual,400.00,200.00,true,true,"",https://cdn.shopify.com/s/files/1/0638/3792/9524/files/product-15-2_b4e3c753-5d78-433a-b1bf-f13faf8d2ac7.jpg?v=1714984640,1,"",false,,,,,,,,,,,,,,https://cdn.shopify.com/s/files/1/0638/3792/9524/files/product-15-2_b4e3c753-5d78-433a-b1bf-f13faf8d2ac7.jpg?v=1714984640,g,,,true,,,true,,,active
whitetails-womens-open-sky,,,,,,,,,Pink,,,,,"",100.0,shopify,40,deny,manual,300.00,200.00,true,true,"",https://cdn.shopify.com/s/files/1/0638/3792/9524/files/product-16-2_592bdc9e-575c-42a3-8e32-c1d119ca39e6.jpg?v=1714984640,2,"",,,,,,,,,,,,,,,https://cdn.shopify.com/s/files/1/0638/3792/9524/files/product-17-2_10edf385-8322-4738-aea2-a8ca40a4df37.jpg?v=1714984640,g,,,,,,,,,
whitetails-womens-open-sky,,,,,,,,,,,,,,,,,,,,,,,,,https://cdn.shopify.com/s/files/1/0638/3792/9524/files/product-17-2_10edf385-8322-4738-aea2-a8ca40a4df37.jpg?v=1714984640,3,"",,,,,,,,,,,,,,,,,,,,,,,,,
mens-jacket-premium-cotton,Woman Jacket Premium Cotton,"<div class=""col-xl-10"">
<div class=""tp-product-details-desc-item pb-105"">
<div class=""row"">
<div class=""col-lg-6"">
<div class=""tp-product-details-desc-content pt-25"">
<span>Galaxy A8 tablet</span>
<h3 class=""tp-product-details-desc-title"">Your world at a glance</h3>
<p>With a slim design, a vibrant entertainment system, and <br>outstanding performance, the new Galaxy Tab A7 is a stylish new <br>companion for your life.Dive head-first into the things you love, <br>and easily share your favorite moments. Learn, explore, connect <br>and be inspired.</p>
</div>
<div class=""tp-product-details-desc-content"">
<h3 class=""tp-product-details-desc-title"">Draw inspiration with S Pen</h3>
<p>S Pen is a bundle of writing instruments in one. Its natural grip, <br>low latency and impressive pressure sensitivity will make it your go-to for everything from drawing to editing documents. And S Pen won't get misplaced thanks.</p>
</div>
</div>
<div class=""col-lg-6"">
<div class=""tp-product-details-desc-thumb""><img alt="""" src=""https://cdn.shopify.com/s/files/1/0670/2301/2064/files/product-details-desc-1.jpg?v=1706118695""></div>
</div>
</div>
</div>
<div class=""tp-product-details-desc-item  pb-75"">
<div class=""row"">
<div class=""col-lg-7"">
<div class=""tp-product-details-desc-thumb""><img alt="""" src=""https://cdn.shopify.com/s/files/1/0670/2301/2064/files/product-details-desc-2.jpg?v=1706118906""></div>
</div>
<div class=""col-lg-5 order-first order-lg-last"">
<div class=""tp-product-details-desc-content des-content-2 pl-40"">
<h3 class=""tp-product-details-desc-title"">Carry with <br>Confidence and style</h3>
<p>Wrap your tablet in a sleek case that's as stylish as it is convenient. Galaxy Tab S6 Lite Book Cover folds around and clings magnetically, so you can easily gear up as you're headed out the door. There's even a compartment for S pen, so you can be sure it doesn't get left behind.</p>
</div>
</div>
</div>
</div>
<div class=""tp-product-details-desc-item"">
<div class=""row"">
<div class=""col-xl-12"">
<div class=""tp-product-details-desc-banner text-center m-img"">
<h3 class=""tp-product-details-desc-banner-title tp-product-details-desc-title"">Speed Memory Power = Epic Races</h3>
<img alt="""" src=""https://cdn.shopify.com/s/files/1/0670/2301/2064/files/product-details-desc-3.jpg?v=1706118907"">
</div>
</div>
</div>
</div>
</div>",Fashion Shofy Ecommerce,,Backpack,"",true,Title,Default Title,,,,,,0.0,shopify,90,deny,manual,110.00,,true,true,,https://cdn.shopify.com/s/files/1/0638/3792/9524/files/product-15-2_e57e61a8-1803-4d27-9905-b8b70fc9bc6d.jpg?v=1715752366,1,"",false,,,,,,,,,,,,,,,kg,,,true,,,true,,,active
mens-jacket-premium-cotton,,,,,,,,,,,,,,,,,,,,,,,,,https://cdn.shopify.com/s/files/1/0638/3792/9524/files/product-1-9.jpg?v=1715752366,2,"",,,,,,,,,,,,,,,,,,,,,,,,,
mens-jacket-premium-cotton,,,,,,,,,,,,,,,,,,,,,,,,,https://cdn.shopify.com/s/files/1/0638/3792/9524/files/product-16-2_15289c12-c469-48c7-9718-9b6a11e19496.jpg?v=1710832641,3,"",,,,,,,,,,,,,,,,,,,,,,,,,
clothing-collection-2023,Clothing Collection 2023,"<div class=""col-xl-10"">
<div class=""tp-product-details-desc-item pb-105"">
<div class=""row"">
<div class=""col-lg-6"">
<div class=""tp-product-details-desc-content pt-25"">
<span>Galaxy A8 tablet</span>
<h3 class=""tp-product-details-desc-title"">Your world at a glance</h3>
<p>With a slim design, a vibrant entertainment system, and <br>outstanding performance, the new Galaxy Tab A7 is a stylish new <br>companion for your life.Dive head-first into the things you love, <br>and easily share your favorite moments. Learn, explore, connect <br>and be inspired.</p>
</div>
<div class=""tp-product-details-desc-content"">
<h3 class=""tp-product-details-desc-title"">Draw inspiration with S Pen</h3>
<p>S Pen is a bundle of writing instruments in one. Its natural grip, <br>low latency and impressive pressure sensitivity will make it your go-to for everything from drawing to editing documents. And S Pen won't get misplaced thanks.</p>
</div>
</div>
<div class=""col-lg-6"">
<div class=""tp-product-details-desc-thumb""><img alt="""" src=""https://cdn.shopify.com/s/files/1/0670/2301/2064/files/product-details-desc-1.jpg?v=1706118695""></div>
</div>
</div>
</div>
<div class=""tp-product-details-desc-item  pb-75"">
<div class=""row"">
<div class=""col-lg-7"">
<div class=""tp-product-details-desc-thumb""><img alt="""" src=""https://cdn.shopify.com/s/files/1/0670/2301/2064/files/product-details-desc-2.jpg?v=1706118906""></div>
</div>
<div class=""col-lg-5 order-first order-lg-last"">
<div class=""tp-product-details-desc-content des-content-2 pl-40"">
<h3 class=""tp-product-details-desc-title"">Carry with <br>Confidence and style</h3>
<p>Wrap your tablet in a sleek case that's as stylish as it is convenient. Galaxy Tab S6 Lite Book Cover folds around and clings magnetically, so you can easily gear up as you're headed out the door. There's even a compartment for S pen, so you can be sure it doesn't get left behind.</p>
</div>
</div>
</div>
</div>
<div class=""tp-product-details-desc-item"">
<div class=""row"">
<div class=""col-xl-12"">
<div class=""tp-product-details-desc-banner text-center m-img"">
<h3 class=""tp-product-details-desc-banner-title tp-product-details-desc-title"">Speed Memory Power = Epic Races</h3>
<img alt="""" src=""https://cdn.shopify.com/s/files/1/0670/2301/2064/files/product-details-desc-3.jpg?v=1706118907"">
</div>
</div>
</div>
</div>
</div>",Fashion Shofy Ecommerce,,Backpack,"",true,Title,Default Title,,,,,,0.0,shopify,90,deny,manual,130.00,,true,true,,https://cdn.shopify.com/s/files/1/0638/3792/9524/files/product-2-8.jpg?v=1710832535,1,"",false,,,,,,,,,,,,,,,kg,,,true,,,true,,,active
clothing-collection-2023,,,,,,,,,,,,,,,,,,,,,,,,,https://cdn.shopify.com/s/files/1/0638/3792/9524/files/product-15-2_8e6ceaf9-03b8-48ff-8fb3-a0af54de3b10.jpg?v=1710832535,2,"",,,,,,,,,,,,,,,,,,,,,,,,,
clothing-collection-2023,,,,,,,,,,,,,,,,,,,,,,,,,https://cdn.shopify.com/s/files/1/0638/3792/9524/files/product-16-2_775a6993-c9bd-44f2-9bab-173e58203c29.jpg?v=1710832535,3,"",,,,,,,,,,,,,,,,,,,,,,,,,
clothing-collection-2023,,,,,,,,,,,,,,,,,,,,,,,,,https://cdn.shopify.com/s/files/1/0638/3792/9524/files/product-17-2_4e958cd6-45d8-4df1-beea-6e07b47bfbb0.jpg?v=1710832535,4,"",,,,,,,,,,,,,,,,,,,,,,,,,
non-slip-athletic-tennis-walking,Non Slip Athletic Tennis Walking,"<div class=""col-xl-10"">
<div class=""tp-product-details-desc-item pb-105"">
<div class=""row"">
<div class=""col-lg-6"">
<div class=""tp-product-details-desc-content pt-25"">
<span>Galaxy A8 tablet</span>
<h3 class=""tp-product-details-desc-title"">Your world at a glance</h3>
<p>With a slim design, a vibrant entertainment system, and <br>outstanding performance, the new Galaxy Tab A7 is a stylish new <br>companion for your life.Dive head-first into the things you love, <br>and easily share your favorite moments. Learn, explore, connect <br>and be inspired.</p>
</div>
<div class=""tp-product-details-desc-content"">
<h3 class=""tp-product-details-desc-title"">Draw inspiration with S Pen</h3>
<p>S Pen is a bundle of writing instruments in one. Its natural grip, <br>low latency and impressive pressure sensitivity will make it your go-to for everything from drawing to editing documents. And S Pen won't get misplaced thanks.</p>
</div>
</div>
<div class=""col-lg-6"">
<div class=""tp-product-details-desc-thumb""><img alt="""" src=""https://cdn.shopify.com/s/files/1/0670/2301/2064/files/product-details-desc-1.jpg?v=1706118695""></div>
</div>
</div>
</div>
<div class=""tp-product-details-desc-item  pb-75"">
<div class=""row"">
<div class=""col-lg-7"">
<div class=""tp-product-details-desc-thumb""><img alt="""" src=""https://cdn.shopify.com/s/files/1/0670/2301/2064/files/product-details-desc-2.jpg?v=1706118906""></div>
</div>
<div class=""col-lg-5 order-first order-lg-last"">
<div class=""tp-product-details-desc-content des-content-2 pl-40"">
<h3 class=""tp-product-details-desc-title"">Carry with <br>Confidence and style</h3>
<p>Wrap your tablet in a sleek case that's as stylish as it is convenient. Galaxy Tab S6 Lite Book Cover folds around and clings magnetically, so you can easily gear up as you're headed out the door. There's even a compartment for S pen, so you can be sure it doesn't get left behind.</p>
</div>
</div>
</div>
</div>
<div class=""tp-product-details-desc-item"">
<div class=""row"">
<div class=""col-xl-12"">
<div class=""tp-product-details-desc-banner text-center m-img"">
<h3 class=""tp-product-details-desc-banner-title tp-product-details-desc-title"">Speed Memory Power = Epic Races</h3>
<img alt="""" src=""https://cdn.shopify.com/s/files/1/0670/2301/2064/files/product-details-desc-3.jpg?v=1706118907"">
</div>
</div>
</div>
</div>
</div>",Fashion Shofy Ecommerce,,Backpack,"",true,Title,Default Title,,,,,,0.0,shopify,90,deny,manual,190.00,,true,true,,https://cdn.shopify.com/s/files/1/0638/3792/9524/files/product-3-8.jpg?v=1710832337,1,"",false,,,,,,,,,,,,,,,kg,,,true,,,true,,,active
non-slip-athletic-tennis-walking,,,,,,,,,,,,,,,,,,,,,,,,,https://cdn.shopify.com/s/files/1/0638/3792/9524/files/product-8-4.jpg?v=1710832354,2,"",,,,,,,,,,,,,,,,,,,,,,,,,
non-slip-athletic-tennis-walking,,,,,,,,,,,,,,,,,,,,,,,,,https://cdn.shopify.com/s/files/1/0638/3792/9524/files/product-11-4.jpg?v=1710832354,3,"",,,,,,,,,,,,,,,,,,,,,,,,,
vera-bradley-straw-tote-bag,Vera Bradley Straw Tote Bag,"<div class=""col-xl-10"">
<div class=""tp-product-details-desc-item pb-105"">
<div class=""row"">
<div class=""col-lg-6"">
<div class=""tp-product-details-desc-content pt-25"">
<span>Galaxy A8 tablet</span>
<h3 class=""tp-product-details-desc-title"">Your world at a glance</h3>
<p>With a slim design, a vibrant entertainment system, and <br>outstanding performance, the new Galaxy Tab A7 is a stylish new <br>companion for your life.Dive head-first into the things you love, <br>and easily share your favorite moments. Learn, explore, connect <br>and be inspired.</p>
</div>
<div class=""tp-product-details-desc-content"">
<h3 class=""tp-product-details-desc-title"">Draw inspiration with S Pen</h3>
<p>S Pen is a bundle of writing instruments in one. Its natural grip, <br>low latency and impressive pressure sensitivity will make it your go-to for everything from drawing to editing documents. And S Pen won't get misplaced thanks.</p>
</div>
</div>
<div class=""col-lg-6"">
<div class=""tp-product-details-desc-thumb""><img alt="""" src=""https://cdn.shopify.com/s/files/1/0670/2301/2064/files/product-details-desc-1.jpg?v=1706118695""></div>
</div>
</div>
</div>
<div class=""tp-product-details-desc-item  pb-75"">
<div class=""row"">
<div class=""col-lg-7"">
<div class=""tp-product-details-desc-thumb""><img alt="""" src=""https://cdn.shopify.com/s/files/1/0670/2301/2064/files/product-details-desc-2.jpg?v=1706118906""></div>
</div>
<div class=""col-lg-5 order-first order-lg-last"">
<div class=""tp-product-details-desc-content des-content-2 pl-40"">
<h3 class=""tp-product-details-desc-title"">Carry with <br>Confidence and style</h3>
<p>Wrap your tablet in a sleek case that's as stylish as it is convenient. Galaxy Tab S6 Lite Book Cover folds around and clings magnetically, so you can easily gear up as you're headed out the door. There's even a compartment for S pen, so you can be sure it doesn't get left behind.</p>
</div>
</div>
</div>
</div>
<div class=""tp-product-details-desc-item"">
<div class=""row"">
<div class=""col-xl-12"">
<div class=""tp-product-details-desc-banner text-center m-img"">
<h3 class=""tp-product-details-desc-banner-title tp-product-details-desc-title"">Speed Memory Power = Epic Races</h3>
<img alt="""" src=""https://cdn.shopify.com/s/files/1/0670/2301/2064/files/product-details-desc-3.jpg?v=1706118907"">
</div>
</div>
</div>
</div>
</div>",Fashion Shofy Ecommerce,,Backpack,"",true,Title,Default Title,,,,,,0.0,shopify,90,deny,manual,90.00,,true,true,,https://cdn.shopify.com/s/files/1/0638/3792/9524/files/product-4-8.jpg?v=1710831444,1,"",false,,,,,,,,,,,,,,,kg,,,true,,,true,,,active
vera-bradley-straw-tote-bag,,,,,,,,,,,,,,,,,,,,,,,,,https://cdn.shopify.com/s/files/1/0638/3792/9524/files/product-4-7.jpg?v=1710831444,2,"",,,,,,,,,,,,,,,,,,,,,,,,,
vera-bradley-straw-tote-bag,,,,,,,,,,,,,,,,,,,,,,,,,https://cdn.shopify.com/s/files/1/0638/3792/9524/files/product-10-3_0ff7dcf0-7626-42bd-922a-91449b76ecfb.jpg?v=1710831444,3,"",,,,,,,,,,,,,,,,,,,,,,,,,
3m-noise-cancelling-headphone,3m Noise cancelling headphone,"<div class=""col-xl-10"">
<div class=""tp-product-details-desc-item pb-105"">
<div class=""row"">
<div class=""col-lg-6"">
<div class=""tp-product-details-desc-content pt-25"">
<span>Galaxy A8 tablet</span>
<h3 class=""tp-product-details-desc-title"">Your world at a glance</h3>
<p>With a slim design, a vibrant entertainment system, and <br>outstanding performance, the new Galaxy Tab A7 is a stylish new <br>companion for your life.Dive head-first into the things you love, <br>and easily share your favorite moments. Learn, explore, connect <br>and be inspired.</p>
</div>
<div class=""tp-product-details-desc-content"">
<h3 class=""tp-product-details-desc-title"">Draw inspiration with S Pen</h3>
<p>S Pen is a bundle of writing instruments in one. Its natural grip, <br>low latency and impressive pressure sensitivity will make it your go-to for everything from drawing to editing documents. And S Pen won't get misplaced thanks.</p>
</div>
</div>
<div class=""col-lg-6"">
<div class=""tp-product-details-desc-thumb""><img alt="""" src=""https://cdn.shopify.com/s/files/1/0670/2301/2064/files/product-details-desc-1.jpg?v=1706118695""></div>
</div>
</div>
</div>
<div class=""tp-product-details-desc-item  pb-75"">
<div class=""row"">
<div class=""col-lg-7"">
<div class=""tp-product-details-desc-thumb""><img alt="""" src=""https://cdn.shopify.com/s/files/1/0670/2301/2064/files/product-details-desc-2.jpg?v=1706118906""></div>
</div>
<div class=""col-lg-5 order-first order-lg-last"">
<div class=""tp-product-details-desc-content des-content-2 pl-40"">
<h3 class=""tp-product-details-desc-title"">Carry with <br>Confidence and style</h3>
<p>Wrap your tablet in a sleek case that's as stylish as it is convenient. Galaxy Tab S6 Lite Book Cover folds around and clings magnetically, so you can easily gear up as you're headed out the door. There's even a compartment for S pen, so you can be sure it doesn't get left behind.</p>
</div>
</div>
</div>
</div>
<div class=""tp-product-details-desc-item"">
<div class=""row"">
<div class=""col-xl-12"">
<div class=""tp-product-details-desc-banner text-center m-img"">
<h3 class=""tp-product-details-desc-banner-title tp-product-details-desc-title"">Speed Memory Power = Epic Races</h3>
<img alt="""" src=""https://cdn.shopify.com/s/files/1/0670/2301/2064/files/product-details-desc-3.jpg?v=1706118907"">
</div>
</div>
</div>
</div>
</div>",Fashion Shofy Ecommerce,,Backpack,"Apparel, Backpack",true,Title,Default Title,,,,,,0.0,shopify,90,deny,manual,90.00,,true,true,,https://cdn.shopify.com/s/files/1/0638/3792/9524/files/product-3-2_c68e5f8e-b4eb-4299-bc7f-f5cb9e348de1.jpg?v=1714984674,1,"",false,,,,,,,,,,,,,,,kg,,,true,,,true,,,active
3m-noise-cancelling-headphone,,,,,,,,,,,,,,,,,,,,,,,,,https://cdn.shopify.com/s/files/1/0638/3792/9524/files/product-3-1-1_2dce9373-8fd6-424a-ad44-ebe57cd83f24.jpg?v=1714984674,2,"",,,,,,,,,,,,,,,,,,,,,,,,,
3m-noise-cancelling-headphone,,,,,,,,,,,,,,,,,,,,,,,,,https://cdn.shopify.com/s/files/1/0638/3792/9524/files/product-12-1-1_34080a42-db21-49ae-9f58-50f482cc2ba8.jpg?v=1714984674,3,"",,,,,,,,,,,,,,,,,,,,,,,,,
boat-multi-channel-brown-headphone-in-stock,Boat multi channel brown headphone In Stock,"<div class=""col-xl-10"">
<div class=""tp-product-details-desc-item pb-105"">
<div class=""row"">
<div class=""col-lg-6"">
<div class=""tp-product-details-desc-content pt-25"">
<span>Galaxy A8 tablet</span>
<h3 class=""tp-product-details-desc-title"">Your world at a glance</h3>
<p>With a slim design, a vibrant entertainment system, and <br>outstanding performance, the new Galaxy Tab A7 is a stylish new <br>companion for your life.Dive head-first into the things you love, <br>and easily share your favorite moments. Learn, explore, connect <br>and be inspired.</p>
</div>
<div class=""tp-product-details-desc-content"">
<h3 class=""tp-product-details-desc-title"">Draw inspiration with S Pen</h3>
<p>S Pen is a bundle of writing instruments in one. Its natural grip, <br>low latency and impressive pressure sensitivity will make it your go-to for everything from drawing to editing documents. And S Pen won't get misplaced thanks.</p>
</div>
</div>
<div class=""col-lg-6"">
<div class=""tp-product-details-desc-thumb""><img alt="""" src=""https://cdn.shopify.com/s/files/1/0670/2301/2064/files/product-details-desc-1.jpg?v=1706118695""></div>
</div>
</div>
</div>
<div class=""tp-product-details-desc-item  pb-75"">
<div class=""row"">
<div class=""col-lg-7"">
<div class=""tp-product-details-desc-thumb""><img alt="""" src=""https://cdn.shopify.com/s/files/1/0670/2301/2064/files/product-details-desc-2.jpg?v=1706118906""></div>
</div>
<div class=""col-lg-5 order-first order-lg-last"">
<div class=""tp-product-details-desc-content des-content-2 pl-40"">
<h3 class=""tp-product-details-desc-title"">Carry with <br>Confidence and style</h3>
<p>Wrap your tablet in a sleek case that's as stylish as it is convenient. Galaxy Tab S6 Lite Book Cover folds around and clings magnetically, so you can easily gear up as you're headed out the door. There's even a compartment for S pen, so you can be sure it doesn't get left behind.</p>
</div>
</div>
</div>
</div>
<div class=""tp-product-details-desc-item"">
<div class=""row"">
<div class=""col-xl-12"">
<div class=""tp-product-details-desc-banner text-center m-img"">
<h3 class=""tp-product-details-desc-banner-title tp-product-details-desc-title"">Speed Memory Power = Epic Races</h3>
<img alt="""" src=""https://cdn.shopify.com/s/files/1/0670/2301/2064/files/product-details-desc-3.jpg?v=1706118907"">
</div>
</div>
</div>
</div>
</div>",Fashion Shofy Ecommerce,,Backpack,"Apparel, Backpack",true,Title,Default Title,,,,,,0.0,shopify,90,deny,manual,90.00,,true,true,,https://cdn.shopify.com/s/files/1/0638/3792/9524/files/product-12-1-1_0b0e15c8-1787-4b29-85cf-02cba2644096.jpg?v=1714984670,1,"",false,,,,,,,,,,,,,,,kg,,,true,,,true,,,active
boat-multi-channel-brown-headphone-in-stock,,,,,,,,,,,,,,,,,,,,,,,,,https://cdn.shopify.com/s/files/1/0638/3792/9524/files/product-3-1-1_f9dbf06a-92d7-466f-ad5a-bc76c96f1a0d.jpg?v=1714984670,2,"",,,,,,,,,,,,,,,,,,,,,,,,,
boat-multi-channel-brown-headphone-in-stock,,,,,,,,,,,,,,,,,,,,,,,,,https://cdn.shopify.com/s/files/1/0638/3792/9524/files/product-3-2_fff11966-bac2-4e3b-98c0-ecb0d3c324ed.jpg?v=1714984670,3,"",,,,,,,,,,,,,,,,,,,,,,,,,
legendary-whitetails-men-s,Legendary Whitetails Men’s.,"<div class=""col-xl-10"">
<div class=""tp-product-details-desc-item pb-105"">
<div class=""row"">
<div class=""col-lg-6"">
<div class=""tp-product-details-desc-content pt-25"">
<span>Galaxy A8 tablet</span>
<h3 class=""tp-product-details-desc-title"">Your world at a glance</h3>
<p>With a slim design, a vibrant entertainment system, and <br>outstanding performance, the new Galaxy Tab A7 is a stylish new <br>companion for your life.Dive head-first into the things you love, <br>and easily share your favorite moments. Learn, explore, connect <br>and be inspired.</p>
</div>
<div class=""tp-product-details-desc-content"">
<h3 class=""tp-product-details-desc-title"">Draw inspiration with S Pen</h3>
<p>S Pen is a bundle of writing instruments in one. Its natural grip, <br>low latency and impressive pressure sensitivity will make it your go-to for everything from drawing to editing documents. And S Pen won't get misplaced thanks.</p>
</div>
</div>
<div class=""col-lg-6"">
<div class=""tp-product-details-desc-thumb""><img alt="""" src=""https://cdn.shopify.com/s/files/1/0670/2301/2064/files/product-details-desc-1.jpg?v=1706118695""></div>
</div>
</div>
</div>
<div class=""tp-product-details-desc-item  pb-75"">
<div class=""row"">
<div class=""col-lg-7"">
<div class=""tp-product-details-desc-thumb""><img alt="""" src=""https://cdn.shopify.com/s/files/1/0670/2301/2064/files/product-details-desc-2.jpg?v=1706118906""></div>
</div>
<div class=""col-lg-5 order-first order-lg-last"">
<div class=""tp-product-details-desc-content des-content-2 pl-40"">
<h3 class=""tp-product-details-desc-title"">Carry with <br>Confidence and style</h3>
<p>Wrap your tablet in a sleek case that's as stylish as it is convenient. Galaxy Tab S6 Lite Book Cover folds around and clings magnetically, so you can easily gear up as you're headed out the door. There's even a compartment for S pen, so you can be sure it doesn't get left behind.</p>
</div>
</div>
</div>
</div>
<div class=""tp-product-details-desc-item"">
<div class=""row"">
<div class=""col-xl-12"">
<div class=""tp-product-details-desc-banner text-center m-img"">
<h3 class=""tp-product-details-desc-banner-title tp-product-details-desc-title"">Speed Memory Power = Epic Races</h3>
<img alt="""" src=""https://cdn.shopify.com/s/files/1/0670/2301/2064/files/product-details-desc-3.jpg?v=1706118907"">
</div>
</div>
</div>
</div>
</div>",Fashion Shofy Ecommerce,,Backpack,"Apparel, Backpack",true,Title,Default Title,,,,,,0.0,shopify,90,deny,manual,90.00,,true,true,,https://cdn.shopify.com/s/files/1/0638/3792/9524/files/product-17-2_4e041705-97fa-47e4-8e94-468e8b7fef19.jpg?v=1715752354,1,"",false,,,,,,,,,,,,,,,kg,,,true,,,true,,,active
legendary-whitetails-men-s,,,,,,,,,,,,,,,,,,,,,,,,,https://cdn.shopify.com/s/files/1/0638/3792/9524/files/product-12-3.jpg?v=1715752354,2,"",,,,,,,,,,,,,,,,,,,,,,,,,
whitetails-women-s-open-sky,Whitetails Women’s Open Sky,"<div class=""col-xl-10"">
<div class=""tp-product-details-desc-item pb-105"">
<div class=""row"">
<div class=""col-lg-6"">
<div class=""tp-product-details-desc-content pt-25"">
<span>Galaxy A8 tablet</span>
<h3 class=""tp-product-details-desc-title"">Your world at a glance</h3>
<p>With a slim design, a vibrant entertainment system, and <br>outstanding performance, the new Galaxy Tab A7 is a stylish new <br>companion for your life.Dive head-first into the things you love, <br>and easily share your favorite moments. Learn, explore, connect <br>and be inspired.</p>
</div>
<div class=""tp-product-details-desc-content"">
<h3 class=""tp-product-details-desc-title"">Draw inspiration with S Pen</h3>
<p>S Pen is a bundle of writing instruments in one. Its natural grip, <br>low latency and impressive pressure sensitivity will make it your go-to for everything from drawing to editing documents. And S Pen won't get misplaced thanks.</p>
</div>
</div>
<div class=""col-lg-6"">
<div class=""tp-product-details-desc-thumb""><img alt="""" src=""https://cdn.shopify.com/s/files/1/0670/2301/2064/files/product-details-desc-1.jpg?v=1706118695""></div>
</div>
</div>
</div>
<div class=""tp-product-details-desc-item  pb-75"">
<div class=""row"">
<div class=""col-lg-7"">
<div class=""tp-product-details-desc-thumb""><img alt="""" src=""https://cdn.shopify.com/s/files/1/0670/2301/2064/files/product-details-desc-2.jpg?v=1706118906""></div>
</div>
<div class=""col-lg-5 order-first order-lg-last"">
<div class=""tp-product-details-desc-content des-content-2 pl-40"">
<h3 class=""tp-product-details-desc-title"">Carry with <br>Confidence and style</h3>
<p>Wrap your tablet in a sleek case that's as stylish as it is convenient. Galaxy Tab S6 Lite Book Cover folds around and clings magnetically, so you can easily gear up as you're headed out the door. There's even a compartment for S pen, so you can be sure it doesn't get left behind.</p>
</div>
</div>
</div>
</div>
<div class=""tp-product-details-desc-item"">
<div class=""row"">
<div class=""col-xl-12"">
<div class=""tp-product-details-desc-banner text-center m-img"">
<h3 class=""tp-product-details-desc-banner-title tp-product-details-desc-title"">Speed Memory Power = Epic Races</h3>
<img alt="""" src=""https://cdn.shopify.com/s/files/1/0670/2301/2064/files/product-details-desc-3.jpg?v=1706118907"">
</div>
</div>
</div>
</div>
</div>",Fashion Shofy Ecommerce,,Backpack,"Apparel, Backpack",true,Title,Default Title,,,,,,0.0,shopify,90,deny,manual,90.00,,true,true,,https://cdn.shopify.com/s/files/1/0638/3792/9524/files/product-16-2.jpg?v=1710653219,1,"",false,,,,,,,,,,,,,,,kg,,,true,,,true,,,active
whitetails-women-s-open-sky,,,,,,,,,,,,,,,,,,,,,,,,,https://cdn.shopify.com/s/files/1/0638/3792/9524/files/product-15-2.jpg?v=1710653219,2,"",,,,,,,,,,,,,,,,,,,,,,,,,
whitetails-women-s-open-sky,,,,,,,,,,,,,,,,,,,,,,,,,https://cdn.shopify.com/s/files/1/0638/3792/9524/files/product-17-2.jpg?v=1710653218,3,"",,,,,,,,,,,,,,,,,,,,,,,,,
tommy-hilfiger-women-s-jaden-1,Tommy Hilfiger Women’s Jaden,"<div class=""col-xl-10"">
<div class=""tp-product-details-desc-item pb-105"">
<div class=""row"">
<div class=""col-lg-6"">
<div class=""tp-product-details-desc-content pt-25"">
<span>Galaxy A8 tablet</span>
<h3 class=""tp-product-details-desc-title"">Your world at a glance</h3>
<p>With a slim design, a vibrant entertainment system, and <br>outstanding performance, the new Galaxy Tab A7 is a stylish new <br>companion for your life.Dive head-first into the things you love, <br>and easily share your favorite moments. Learn, explore, connect <br>and be inspired.</p>
</div>
<div class=""tp-product-details-desc-content"">
<h3 class=""tp-product-details-desc-title"">Draw inspiration with S Pen</h3>
<p>S Pen is a bundle of writing instruments in one. Its natural grip, <br>low latency and impressive pressure sensitivity will make it your go-to for everything from drawing to editing documents. And S Pen won't get misplaced thanks.</p>
</div>
</div>
<div class=""col-lg-6"">
<div class=""tp-product-details-desc-thumb""><img alt="""" src=""https://cdn.shopify.com/s/files/1/0670/2301/2064/files/product-details-desc-1.jpg?v=1706118695""></div>
</div>
</div>
</div>
<div class=""tp-product-details-desc-item  pb-75"">
<div class=""row"">
<div class=""col-lg-7"">
<div class=""tp-product-details-desc-thumb""><img alt="""" src=""https://cdn.shopify.com/s/files/1/0670/2301/2064/files/product-details-desc-2.jpg?v=1706118906""></div>
</div>
<div class=""col-lg-5 order-first order-lg-last"">
<div class=""tp-product-details-desc-content des-content-2 pl-40"">
<h3 class=""tp-product-details-desc-title"">Carry with <br>Confidence and style</h3>
<p>Wrap your tablet in a sleek case that's as stylish as it is convenient. Galaxy Tab S6 Lite Book Cover folds around and clings magnetically, so you can easily gear up as you're headed out the door. There's even a compartment for S pen, so you can be sure it doesn't get left behind.</p>
</div>
</div>
</div>
</div>
<div class=""tp-product-details-desc-item"">
<div class=""row"">
<div class=""col-xl-12"">
<div class=""tp-product-details-desc-banner text-center m-img"">
<h3 class=""tp-product-details-desc-banner-title tp-product-details-desc-title"">Speed Memory Power = Epic Races</h3>
<img alt="""" src=""https://cdn.shopify.com/s/files/1/0670/2301/2064/files/product-details-desc-3.jpg?v=1706118907"">
</div>
</div>
</div>
</div>
</div>",Fashion Shofy Ecommerce,,Backpack,"Apparel, Backpack",true,Color,Black,,,,,"",0.0,shopify,90,deny,manual,90.00,,true,true,"",https://cdn.shopify.com/s/files/1/0638/3792/9524/files/product-10-3_dc1fa93b-1c48-448f-86bb-7a7a41e246bc.jpg?v=1710650853,1,"",false,,,,,,,,,,,,,,https://cdn.shopify.com/s/files/1/0638/3792/9524/files/product-10-3_dc1fa93b-1c48-448f-86bb-7a7a41e246bc.jpg?v=1710650853,kg,,,true,,,true,,,active
tommy-hilfiger-women-s-jaden-1,,,,,,,,,Yellow,,,,,,0.0,shopify,100,deny,manual,90.00,,true,true,,https://cdn.shopify.com/s/files/1/0638/3792/9524/files/product-7-6_631881bc-9a02-49b1-af44-4df52edae604.jpg?v=1710650853,2,"",,,,,,,,,,,,,,,https://cdn.shopify.com/s/files/1/0638/3792/9524/files/product-9-4_3829ec16-004f-47cf-8121-56d23ce60e08.jpg?v=1710650853,kg,,,,,,,,,
tommy-hilfiger-women-s-jaden-1,,,,,,,,,Pink,,,,,,0.0,shopify,90,deny,manual,90.00,,true,true,,https://cdn.shopify.com/s/files/1/0638/3792/9524/files/product-13-3_a29d7daa-802b-4c47-952d-49ac7ebfb9d4.jpg?v=1710650853,3,"",,,,,,,,,,,,,,,https://cdn.shopify.com/s/files/1/0638/3792/9524/files/product-13-3_a29d7daa-802b-4c47-952d-49ac7ebfb9d4.jpg?v=1710650853,kg,,,,,,,,,
tommy-hilfiger-women-s-jaden-1,,,,,,,,,Red,,,,,,0.0,shopify,40,deny,manual,90.00,,true,true,,https://cdn.shopify.com/s/files/1/0638/3792/9524/files/product-9-4_3829ec16-004f-47cf-8121-56d23ce60e08.jpg?v=1710650853,4,"",,,,,,,,,,,,,,,https://cdn.shopify.com/s/files/1/0638/3792/9524/files/product-7-6_631881bc-9a02-49b1-af44-4df52edae604.jpg?v=1710650853,kg,,,,,,,,,
simple-modern-school-boys,Simple Modern School Boys,"<div class=""col-xl-10"">
<div class=""tp-product-details-desc-item pb-105"">
<div class=""row"">
<div class=""col-lg-6"">
<div class=""tp-product-details-desc-content pt-25"">
<span>Galaxy A8 tablet</span>
<h3 class=""tp-product-details-desc-title"">Your world at a glance</h3>
<p>With a slim design, a vibrant entertainment system, and <br>outstanding performance, the new Galaxy Tab A7 is a stylish new <br>companion for your life.Dive head-first into the things you love, <br>and easily share your favorite moments. Learn, explore, connect <br>and be inspired.</p>
</div>
<div class=""tp-product-details-desc-content"">
<h3 class=""tp-product-details-desc-title"">Draw inspiration with S Pen</h3>
<p>S Pen is a bundle of writing instruments in one. Its natural grip, <br>low latency and impressive pressure sensitivity will make it your go-to for everything from drawing to editing documents. And S Pen won't get misplaced thanks.</p>
</div>
</div>
<div class=""col-lg-6"">
<div class=""tp-product-details-desc-thumb""><img alt="""" src=""https://cdn.shopify.com/s/files/1/0670/2301/2064/files/product-details-desc-1.jpg?v=1706118695""></div>
</div>
</div>
</div>
<div class=""tp-product-details-desc-item  pb-75"">
<div class=""row"">
<div class=""col-lg-7"">
<div class=""tp-product-details-desc-thumb""><img alt="""" src=""https://cdn.shopify.com/s/files/1/0670/2301/2064/files/product-details-desc-2.jpg?v=1706118906""></div>
</div>
<div class=""col-lg-5 order-first order-lg-last"">
<div class=""tp-product-details-desc-content des-content-2 pl-40"">
<h3 class=""tp-product-details-desc-title"">Carry with <br>Confidence and style</h3>
<p>Wrap your tablet in a sleek case that's as stylish as it is convenient. Galaxy Tab S6 Lite Book Cover folds around and clings magnetically, so you can easily gear up as you're headed out the door. There's even a compartment for S pen, so you can be sure it doesn't get left behind.</p>
</div>
</div>
</div>
</div>
<div class=""tp-product-details-desc-item"">
<div class=""row"">
<div class=""col-xl-12"">
<div class=""tp-product-details-desc-banner text-center m-img"">
<h3 class=""tp-product-details-desc-banner-title tp-product-details-desc-title"">Speed Memory Power = Epic Races</h3>
<img alt="""" src=""https://cdn.shopify.com/s/files/1/0670/2301/2064/files/product-details-desc-3.jpg?v=1706118907"">
</div>
</div>
</div>
</div>
</div>",Fashion Shofy Ecommerce,Luggage & Bags,Backpack,"Apparel, Backpack",true,Color,black,,,,,"",0.0,shopify,90,deny,manual,90.00,,true,true,"",https://cdn.shopify.com/s/files/1/0638/3792/9524/files/product-7-6.jpg?v=1710650587,1,"",false,,,,,,,,,,,,,,https://cdn.shopify.com/s/files/1/0638/3792/9524/files/product-10-3_010669ae-d75b-473b-834f-fafbe98f7ea7.jpg?v=1710650587,kg,,,true,,,true,,,active
simple-modern-school-boys,,,,,,,,,Yellow,,,,,,0.0,shopify,100,deny,manual,90.00,,true,true,,https://cdn.shopify.com/s/files/1/0638/3792/9524/files/product-13-3_1ab911a6-8911-4dad-b30f-64168462371d.jpg?v=1710650587,2,"",,,,,,,,,,,,,,,https://cdn.shopify.com/s/files/1/0638/3792/9524/files/product-9-4_7cf520eb-d50d-4cee-ad8e-fb7b88fd2d3d.jpg?v=1710650587,kg,,,,,,,,,
simple-modern-school-boys,,,,,,,,,Pink,,,,,,0.0,shopify,90,deny,manual,90.00,,true,true,,https://cdn.shopify.com/s/files/1/0638/3792/9524/files/product-9-4_7cf520eb-d50d-4cee-ad8e-fb7b88fd2d3d.jpg?v=1710650587,3,"",,,,,,,,,,,,,,,https://cdn.shopify.com/s/files/1/0638/3792/9524/files/product-13-3_1ab911a6-8911-4dad-b30f-64168462371d.jpg?v=1710650587,kg,,,,,,,,,
simple-modern-school-boys,,,,,,,,,Red,,,,,"",0.0,shopify,40,deny,manual,90.00,,true,true,"",https://cdn.shopify.com/s/files/1/0638/3792/9524/files/product-10-3_010669ae-d75b-473b-834f-fafbe98f7ea7.jpg?v=1710650587,4,"",,,,,,,,,,,,,,,https://cdn.shopify.com/s/files/1/0638/3792/9524/files/product-7-6.jpg?v=1710650587,kg,,,,,,,,,
backpack-school-bag,"Backpack, School Bag.","<div class=""col-xl-10"">
<div class=""tp-product-details-desc-item pb-105"">
<div class=""row"">
<div class=""col-lg-6"">
<div class=""tp-product-details-desc-content pt-25"">
<span>Galaxy A8 tablet</span>
<h3 class=""tp-product-details-desc-title"">Your world at a glance</h3>
<p>With a slim design, a vibrant entertainment system, and <br>outstanding performance, the new Galaxy Tab A7 is a stylish new <br>companion for your life.Dive head-first into the things you love, <br>and easily share your favorite moments. Learn, explore, connect <br>and be inspired.</p>
</div>
<div class=""tp-product-details-desc-content"">
<h3 class=""tp-product-details-desc-title"">Draw inspiration with S Pen</h3>
<p>S Pen is a bundle of writing instruments in one. Its natural grip, <br>low latency and impressive pressure sensitivity will make it your go-to for everything from drawing to editing documents. And S Pen won't get misplaced thanks.</p>
</div>
</div>
<div class=""col-lg-6"">
<div class=""tp-product-details-desc-thumb""><img alt="""" src=""https://cdn.shopify.com/s/files/1/0670/2301/2064/files/product-details-desc-1.jpg?v=1706118695""></div>
</div>
</div>
</div>
<div class=""tp-product-details-desc-item  pb-75"">
<div class=""row"">
<div class=""col-lg-7"">
<div class=""tp-product-details-desc-thumb""><img alt="""" src=""https://cdn.shopify.com/s/files/1/0670/2301/2064/files/product-details-desc-2.jpg?v=1706118906""></div>
</div>
<div class=""col-lg-5 order-first order-lg-last"">
<div class=""tp-product-details-desc-content des-content-2 pl-40"">
<h3 class=""tp-product-details-desc-title"">Carry with <br>Confidence and style</h3>
<p>Wrap your tablet in a sleek case that's as stylish as it is convenient. Galaxy Tab S6 Lite Book Cover folds around and clings magnetically, so you can easily gear up as you're headed out the door. There's even a compartment for S pen, so you can be sure it doesn't get left behind.</p>
</div>
</div>
</div>
</div>
<div class=""tp-product-details-desc-item"">
<div class=""row"">
<div class=""col-xl-12"">
<div class=""tp-product-details-desc-banner text-center m-img"">
<h3 class=""tp-product-details-desc-banner-title tp-product-details-desc-title"">Speed Memory Power = Epic Races</h3>
<img alt="""" src=""https://cdn.shopify.com/s/files/1/0670/2301/2064/files/product-details-desc-3.jpg?v=1706118907"">
</div>
</div>
</div>
</div>
</div>",Fashion Shofy Ecommerce,,Backpack,"Apparel, Backpack",true,Color,Blank,,,,,"",0.0,shopify,90,deny,manual,90.00,,true,true,"",https://cdn.shopify.com/s/files/1/0638/3792/9524/files/product-13-3.jpg?v=1710650310,1,"",false,,,,,,,,,,,,,,https://cdn.shopify.com/s/files/1/0638/3792/9524/files/product-10-3.jpg?v=1710650310,kg,,,true,,,true,,,active
backpack-school-bag,,,,,,,,,Yellow,,,,,"",0.0,shopify,100,deny,manual,90.00,,true,true,"",https://cdn.shopify.com/s/files/1/0638/3792/9524/files/product-9-4.jpg?v=1710650310,2,"",,,,,,,,,,,,,,,https://cdn.shopify.com/s/files/1/0638/3792/9524/files/product-9-4.jpg?v=1710650310,kg,,,,,,,,,
backpack-school-bag,,,,,,,,,Pink,,,,,"",0.0,shopify,90,deny,manual,90.00,,true,true,"",https://cdn.shopify.com/s/files/1/0638/3792/9524/files/product-10-3.jpg?v=1710650310,3,"",,,,,,,,,,,,,,,https://cdn.shopify.com/s/files/1/0638/3792/9524/files/product-13-3.jpg?v=1710650310,kg,,,,,,,,,
