Handle,Title,Body (HTML),Vendor,Product Category,Type,Tags,Published,Option1 Name,Option1 Value,Option2 Name,Option2 Value,Option3 Name,Option3 Value,Variant SKU,Variant Grams,Variant Inventory Tracker,Variant Inventory Policy,Variant Fulfillment Service,Variant Price,Variant Compare At Price,Variant Requires Shipping,Variant Taxable,Variant Barcode,Image Src,Image Position,Image Alt Text,Gift Card,SEO Title,SEO Description,Google Shopping / Google Product Category,Google Shopping / Gender,Google Shopping / Age Group,Google Shopping / MPN,Google Shopping / Condition,Google Shopping / Custom Product,Google Shopping / Custom Label 0,Google Shopping / Custom Label 1,Google Shopping / Custom Label 2,Google Shopping / Custom Label 3,Google Shopping / Custom Label 4,Variant Image,Variant Weight Unit,Variant Tax Code,Cost per item,Included / Bangladesh,Price / Bangladesh,Compare At Price / Bangladesh,Included / International,Price / International,Compare At Price / International,Status
dried-star-anise-1,Dried Star Anise,"<div class=""col-xl-10"">
<div class=""tp-product-details-desc-item pb-105"">
<div class=""row"">
<div class=""col-lg-6"">
<div class=""tp-product-details-desc-content pt-25"">
<span>Galaxy A8 tablet</span>
<h3 class=""tp-product-details-desc-title"">Your world at a glance</h3>
<p>With a slim design, a vibrant entertainment system, and <br>outstanding performance, the new Galaxy Tab A7 is a stylish new <br>companion for your life.Dive head-first into the things you love, <br>and easily share your favorite moments. Learn, explore, connect <br>and be inspired.</p>
</div>
<div class=""tp-product-details-desc-content"">
<h3 class=""tp-product-details-desc-title"">Draw inspiration with S Pen</h3>
<p>S Pen is a bundle of writing instruments in one. Its natural grip, <br>low latency and impressive pressure sensitivity will make it your go-to for everything from drawing to editing documents. And S Pen won't get misplaced thanks.</p>
</div>
</div>
<div class=""col-lg-6"">
<div class=""tp-product-details-desc-thumb""><img alt="""" src=""https://cdn.shopify.com/s/files/1/0670/2301/2064/files/product-details-desc-1.jpg?v=1706118695""></div>
</div>
</div>
</div>
<div class=""tp-product-details-desc-item  pb-75"">
<div class=""row"">
<div class=""col-lg-7"">
<div class=""tp-product-details-desc-thumb""><img alt="""" src=""https://cdn.shopify.com/s/files/1/0670/2301/2064/files/product-details-desc-2.jpg?v=1706118906""></div>
</div>
<div class=""col-lg-5 order-first order-lg-last"">
<div class=""tp-product-details-desc-content des-content-2 pl-40"">
<h3 class=""tp-product-details-desc-title"">Carry with <br>Confidence and style</h3>
<p>Wrap your tablet in a sleek case that's as stylish as it is convenient. Galaxy Tab S6 Lite Book Cover folds around and clings magnetically, so you can easily gear up as you're headed out the door. There's even a compartment for S pen, so you can be sure it doesn't get left behind.</p>
</div>
</div>
</div>
</div>
<div class=""tp-product-details-desc-item"">
<div class=""row"">
<div class=""col-xl-12"">
<div class=""tp-product-details-desc-banner text-center m-img"">
<h3 class=""tp-product-details-desc-banner-title tp-product-details-desc-title"">Speed Memory Power = Epic Races</h3>
<img alt="""" src=""https://cdn.shopify.com/s/files/1/0670/2301/2064/files/product-details-desc-3.jpg?v=1706118907"">
</div>
</div>
</div>
</div>
</div>",shofy,,"","fresh Fruits, vegetables",true,Title,Default Title,,,,,,0.0,shopify,deny,manual,27.00,,true,true,,https://cdn.shopify.com/s/files/1/0688/6418/0472/files/product-grocery-9.jpg?v=1714987714,1,"",false,,,,,,,,,,,,,,,kg,,,true,,,true,,,active
dried-star-anise-1,,,,,,,,,,,,,,,,,,,,,,,,https://cdn.shopify.com/s/files/1/0688/6418/0472/files/product-grocery-16_83487c30-e333-4dd8-ac64-ee2de3c718d3.jpg?v=1714987714,2,"",,,,,,,,,,,,,,,,,,,,,,,,,
dried-star-anise-1,,,,,,,,,,,,,,,,,,,,,,,,https://cdn.shopify.com/s/files/1/0688/6418/0472/files/product-grocery-15_474e539a-3465-4d63-81ac-5845d48fbc88.jpg?v=1714987714,3,"",,,,,,,,,,,,,,,,,,,,,,,,,
dried-star-anise-1,,,,,,,,,,,,,,,,,,,,,,,,https://cdn.shopify.com/s/files/1/0688/6418/0472/files/product-grocery-17_3e45cce4-803f-407f-b650-4e3f03279635.jpg?v=1714987714,4,"",,,,,,,,,,,,,,,,,,,,,,,,,
raw-meat-on-white,Raw Meat on White,"<div class=""col-xl-10"">
<div class=""tp-product-details-desc-item pb-105"">
<div class=""row"">
<div class=""col-lg-6"">
<div class=""tp-product-details-desc-content pt-25"">
<span>Galaxy A8 tablet</span>
<h3 class=""tp-product-details-desc-title"">Your world at a glance</h3>
<p>With a slim design, a vibrant entertainment system, and <br>outstanding performance, the new Galaxy Tab A7 is a stylish new <br>companion for your life.Dive head-first into the things you love, <br>and easily share your favorite moments. Learn, explore, connect <br>and be inspired.</p>
</div>
<div class=""tp-product-details-desc-content"">
<h3 class=""tp-product-details-desc-title"">Draw inspiration with S Pen</h3>
<p>S Pen is a bundle of writing instruments in one. Its natural grip, <br>low latency and impressive pressure sensitivity will make it your go-to for everything from drawing to editing documents. And S Pen won't get misplaced thanks.</p>
</div>
</div>
<div class=""col-lg-6"">
<div class=""tp-product-details-desc-thumb""><img alt="""" src=""https://cdn.shopify.com/s/files/1/0670/2301/2064/files/product-details-desc-1.jpg?v=1706118695""></div>
</div>
</div>
</div>
<div class=""tp-product-details-desc-item  pb-75"">
<div class=""row"">
<div class=""col-lg-7"">
<div class=""tp-product-details-desc-thumb""><img alt="""" src=""https://cdn.shopify.com/s/files/1/0670/2301/2064/files/product-details-desc-2.jpg?v=1706118906""></div>
</div>
<div class=""col-lg-5 order-first order-lg-last"">
<div class=""tp-product-details-desc-content des-content-2 pl-40"">
<h3 class=""tp-product-details-desc-title"">Carry with <br>Confidence and style</h3>
<p>Wrap your tablet in a sleek case that's as stylish as it is convenient. Galaxy Tab S6 Lite Book Cover folds around and clings magnetically, so you can easily gear up as you're headed out the door. There's even a compartment for S pen, so you can be sure it doesn't get left behind.</p>
</div>
</div>
</div>
</div>
<div class=""tp-product-details-desc-item"">
<div class=""row"">
<div class=""col-xl-12"">
<div class=""tp-product-details-desc-banner text-center m-img"">
<h3 class=""tp-product-details-desc-banner-title tp-product-details-desc-title"">Speed Memory Power = Epic Races</h3>
<img alt="""" src=""https://cdn.shopify.com/s/files/1/0670/2301/2064/files/product-details-desc-3.jpg?v=1706118907"">
</div>
</div>
</div>
</div>
</div>",shofy,,"","fresh Fruits, vegetables",true,Title,Default Title,,,,,,0.0,shopify,deny,manual,27.00,,true,true,,https://cdn.shopify.com/s/files/1/0688/6418/0472/files/product-grocery-4.jpg?v=1715750119,1,"",false,,,,,,,,,,,,,,,kg,,,true,,,true,,,active
raw-meat-on-white,,,,,,,,,,,,,,,,,,,,,,,,https://cdn.shopify.com/s/files/1/0688/6418/0472/files/product-grocery-5_f084fb1d-fa32-4e81-8245-1140831fbb85.jpg?v=1715750119,2,"",,,,,,,,,,,,,,,,,,,,,,,,,
raw-meat-on-white,,,,,,,,,,,,,,,,,,,,,,,,https://cdn.shopify.com/s/files/1/0688/6418/0472/files/product-grocery-16_fa3252f4-8168-4697-9167-30433e15fb44.jpg?v=1715750119,3,"",,,,,,,,,,,,,,,,,,,,,,,,,
raw-meat-on-white,,,,,,,,,,,,,,,,,,,,,,,,https://cdn.shopify.com/s/files/1/0688/6418/0472/files/product-grocery-15_0a1d3b97-66e8-4ca8-bb90-dbd5476ff2eb.jpg?v=1715750119,4,"",,,,,,,,,,,,,,,,,,,,,,,,,
raw-meat-on-white,,,,,,,,,,,,,,,,,,,,,,,,https://cdn.shopify.com/s/files/1/0688/6418/0472/files/product-grocery-17_eca134b1-060d-4a7a-a908-92182f98fe1f.jpg?v=1715750119,5,"",,,,,,,,,,,,,,,,,,,,,,,,,
chocolate-protein-booster,Chocolate Protein Booster,"<div class=""col-xl-10"">
<div class=""tp-product-details-desc-item pb-105"">
<div class=""row"">
<div class=""col-lg-6"">
<div class=""tp-product-details-desc-content pt-25"">
<span>Galaxy A8 tablet</span>
<h3 class=""tp-product-details-desc-title"">Your world at a glance</h3>
<p>With a slim design, a vibrant entertainment system, and <br>outstanding performance, the new Galaxy Tab A7 is a stylish new <br>companion for your life.Dive head-first into the things you love, <br>and easily share your favorite moments. Learn, explore, connect <br>and be inspired.</p>
</div>
<div class=""tp-product-details-desc-content"">
<h3 class=""tp-product-details-desc-title"">Draw inspiration with S Pen</h3>
<p>S Pen is a bundle of writing instruments in one. Its natural grip, <br>low latency and impressive pressure sensitivity will make it your go-to for everything from drawing to editing documents. And S Pen won't get misplaced thanks.</p>
</div>
</div>
<div class=""col-lg-6"">
<div class=""tp-product-details-desc-thumb""><img alt="""" src=""https://cdn.shopify.com/s/files/1/0670/2301/2064/files/product-details-desc-1.jpg?v=1706118695""></div>
</div>
</div>
</div>
<div class=""tp-product-details-desc-item  pb-75"">
<div class=""row"">
<div class=""col-lg-7"">
<div class=""tp-product-details-desc-thumb""><img alt="""" src=""https://cdn.shopify.com/s/files/1/0670/2301/2064/files/product-details-desc-2.jpg?v=1706118906""></div>
</div>
<div class=""col-lg-5 order-first order-lg-last"">
<div class=""tp-product-details-desc-content des-content-2 pl-40"">
<h3 class=""tp-product-details-desc-title"">Carry with <br>Confidence and style</h3>
<p>Wrap your tablet in a sleek case that's as stylish as it is convenient. Galaxy Tab S6 Lite Book Cover folds around and clings magnetically, so you can easily gear up as you're headed out the door. There's even a compartment for S pen, so you can be sure it doesn't get left behind.</p>
</div>
</div>
</div>
</div>
<div class=""tp-product-details-desc-item"">
<div class=""row"">
<div class=""col-xl-12"">
<div class=""tp-product-details-desc-banner text-center m-img"">
<h3 class=""tp-product-details-desc-banner-title tp-product-details-desc-title"">Speed Memory Power = Epic Races</h3>
<img alt="""" src=""https://cdn.shopify.com/s/files/1/0670/2301/2064/files/product-details-desc-3.jpg?v=1706118907"">
</div>
</div>
</div>
</div>
</div>",shofy,,"","fresh Fruits, vegetables",true,Title,Default Title,,,,,,0.0,shopify,deny,manual,27.00,,true,true,,https://cdn.shopify.com/s/files/1/0688/6418/0472/files/product-grocery-5.jpg?v=1714986493,1,"",false,,,,,,,,,,,,,,,kg,,,true,,,true,,,active
chocolate-protein-booster,,,,,,,,,,,,,,,,,,,,,,,,https://cdn.shopify.com/s/files/1/0688/6418/0472/files/product-grocery-16_b349a9ad-e903-412e-b2ba-04a3d90c6b1a.jpg?v=1714986493,2,"",,,,,,,,,,,,,,,,,,,,,,,,,
chocolate-protein-booster,,,,,,,,,,,,,,,,,,,,,,,,https://cdn.shopify.com/s/files/1/0688/6418/0472/files/product-grocery-15_9127e0f3-655d-4717-9c09-42f27725dfd8.jpg?v=1714986493,3,"",,,,,,,,,,,,,,,,,,,,,,,,,
chocolate-protein-booster,,,,,,,,,,,,,,,,,,,,,,,,https://cdn.shopify.com/s/files/1/0688/6418/0472/files/product-grocery-17_fca3c7f6-3c4e-4237-b8fa-3ce7f834b597.jpg?v=1714986493,4,"",,,,,,,,,,,,,,,,,,,,,,,,,
dried-star-anise,Dried Star Anise,"<div class=""col-xl-10"">
<div class=""tp-product-details-desc-item pb-105"">
<div class=""row"">
<div class=""col-lg-6"">
<div class=""tp-product-details-desc-content pt-25"">
<span>Galaxy A8 tablet</span>
<h3 class=""tp-product-details-desc-title"">Your world at a glance</h3>
<p>With a slim design, a vibrant entertainment system, and <br>outstanding performance, the new Galaxy Tab A7 is a stylish new <br>companion for your life.Dive head-first into the things you love, <br>and easily share your favorite moments. Learn, explore, connect <br>and be inspired.</p>
</div>
<div class=""tp-product-details-desc-content"">
<h3 class=""tp-product-details-desc-title"">Draw inspiration with S Pen</h3>
<p>S Pen is a bundle of writing instruments in one. Its natural grip, <br>low latency and impressive pressure sensitivity will make it your go-to for everything from drawing to editing documents. And S Pen won't get misplaced thanks.</p>
</div>
</div>
<div class=""col-lg-6"">
<div class=""tp-product-details-desc-thumb""><img alt="""" src=""https://cdn.shopify.com/s/files/1/0670/2301/2064/files/product-details-desc-1.jpg?v=1706118695""></div>
</div>
</div>
</div>
<div class=""tp-product-details-desc-item  pb-75"">
<div class=""row"">
<div class=""col-lg-7"">
<div class=""tp-product-details-desc-thumb""><img alt="""" src=""https://cdn.shopify.com/s/files/1/0670/2301/2064/files/product-details-desc-2.jpg?v=1706118906""></div>
</div>
<div class=""col-lg-5 order-first order-lg-last"">
<div class=""tp-product-details-desc-content des-content-2 pl-40"">
<h3 class=""tp-product-details-desc-title"">Carry with <br>Confidence and style</h3>
<p>Wrap your tablet in a sleek case that's as stylish as it is convenient. Galaxy Tab S6 Lite Book Cover folds around and clings magnetically, so you can easily gear up as you're headed out the door. There's even a compartment for S pen, so you can be sure it doesn't get left behind.</p>
</div>
</div>
</div>
</div>
<div class=""tp-product-details-desc-item"">
<div class=""row"">
<div class=""col-xl-12"">
<div class=""tp-product-details-desc-banner text-center m-img"">
<h3 class=""tp-product-details-desc-banner-title tp-product-details-desc-title"">Speed Memory Power = Epic Races</h3>
<img alt="""" src=""https://cdn.shopify.com/s/files/1/0670/2301/2064/files/product-details-desc-3.jpg?v=1706118907"">
</div>
</div>
</div>
</div>
</div>",shofy,"Food, Beverages & Tobacco > Food Items > Meat, Seafood & Eggs > Meat > Fresh & Frozen Meats","",vegetables,true,Title,Default Title,,,,,,0.0,shopify,deny,manual,39.00,,true,true,,https://cdn.shopify.com/s/files/1/0688/6418/0472/files/product-grocery-11.jpg?v=1709612991,1,"",false,,,,,,,,,,,,,,,kg,,,true,,,true,,,active
dried-star-anise,,,,,,,,,,,,,,,,,,,,,,,,https://cdn.shopify.com/s/files/1/0688/6418/0472/files/product-grocery-7_75cf3b6f-293c-4615-bc0d-804c504fe9c7.jpg?v=1709612991,2,"",,,,,,,,,,,,,,,,,,,,,,,,,
dried-star-anise,,,,,,,,,,,,,,,,,,,,,,,,https://cdn.shopify.com/s/files/1/0688/6418/0472/files/product-grocery-15_a0f63b9a-b9df-4239-9552-bd76b7e76b83.jpg?v=1709612847,3,"",,,,,,,,,,,,,,,,,,,,,,,,,
dried-star-anise,,,,,,,,,,,,,,,,,,,,,,,,https://cdn.shopify.com/s/files/1/0688/6418/0472/files/product-grocery-17_bb12dab1-ec51-4ceb-93aa-324f9b171915.jpg?v=1709612847,4,"",,,,,,,,,,,,,,,,,,,,,,,,,
halves-of-fresh-avocado,Halves of Fresh Avocado,"<div class=""col-xl-10"">
<div class=""tp-product-details-desc-item pb-105"">
<div class=""row"">
<div class=""col-lg-6"">
<div class=""tp-product-details-desc-content pt-25"">
<span>Galaxy A8 tablet</span>
<h3 class=""tp-product-details-desc-title"">Your world at a glance</h3>
<p>With a slim design, a vibrant entertainment system, and <br>outstanding performance, the new Galaxy Tab A7 is a stylish new <br>companion for your life.Dive head-first into the things you love, <br>and easily share your favorite moments. Learn, explore, connect <br>and be inspired.</p>
</div>
<div class=""tp-product-details-desc-content"">
<h3 class=""tp-product-details-desc-title"">Draw inspiration with S Pen</h3>
<p>S Pen is a bundle of writing instruments in one. Its natural grip, <br>low latency and impressive pressure sensitivity will make it your go-to for everything from drawing to editing documents. And S Pen won't get misplaced thanks.</p>
</div>
</div>
<div class=""col-lg-6"">
<div class=""tp-product-details-desc-thumb""><img alt="""" src=""https://cdn.shopify.com/s/files/1/0670/2301/2064/files/product-details-desc-1.jpg?v=1706118695""></div>
</div>
</div>
</div>
<div class=""tp-product-details-desc-item  pb-75"">
<div class=""row"">
<div class=""col-lg-7"">
<div class=""tp-product-details-desc-thumb""><img alt="""" src=""https://cdn.shopify.com/s/files/1/0670/2301/2064/files/product-details-desc-2.jpg?v=1706118906""></div>
</div>
<div class=""col-lg-5 order-first order-lg-last"">
<div class=""tp-product-details-desc-content des-content-2 pl-40"">
<h3 class=""tp-product-details-desc-title"">Carry with <br>Confidence and style</h3>
<p>Wrap your tablet in a sleek case that's as stylish as it is convenient. Galaxy Tab S6 Lite Book Cover folds around and clings magnetically, so you can easily gear up as you're headed out the door. There's even a compartment for S pen, so you can be sure it doesn't get left behind.</p>
</div>
</div>
</div>
</div>
<div class=""tp-product-details-desc-item"">
<div class=""row"">
<div class=""col-xl-12"">
<div class=""tp-product-details-desc-banner text-center m-img"">
<h3 class=""tp-product-details-desc-banner-title tp-product-details-desc-title"">Speed Memory Power = Epic Races</h3>
<img alt="""" src=""https://cdn.shopify.com/s/files/1/0670/2301/2064/files/product-details-desc-3.jpg?v=1706118907"">
</div>
</div>
</div>
</div>
</div>",shofy,"Food, Beverages & Tobacco > Food Items > Meat, Seafood & Eggs > Meat > Fresh & Frozen Meats","",fresh Fruits,true,Title,Default Title,,,,,,0.0,shopify,deny,manual,49.00,,true,true,,https://cdn.shopify.com/s/files/1/0688/6418/0472/files/product-grocery-12.jpg?v=1709612559,1,"",false,,,,,,,,,,,,,,,kg,,,true,,,true,,,active
halves-of-fresh-avocado,,,,,,,,,,,,,,,,,,,,,,,,https://cdn.shopify.com/s/files/1/0688/6418/0472/files/product-grocery-13.jpg?v=1709612558,2,"",,,,,,,,,,,,,,,,,,,,,,,,,
halves-of-fresh-avocado,,,,,,,,,,,,,,,,,,,,,,,,https://cdn.shopify.com/s/files/1/0688/6418/0472/files/product-grocery-14.jpg?v=1709612559,3,"",,,,,,,,,,,,,,,,,,,,,,,,,
tangerine-fresh-juice,Tangerine Fresh Juice,"<div class=""col-xl-10"">
<div class=""tp-product-details-desc-item pb-105"">
<div class=""row"">
<div class=""col-lg-6"">
<div class=""tp-product-details-desc-content pt-25"">
<span>Galaxy A8 tablet</span>
<h3 class=""tp-product-details-desc-title"">Your world at a glance</h3>
<p>With a slim design, a vibrant entertainment system, and <br>outstanding performance, the new Galaxy Tab A7 is a stylish new <br>companion for your life.Dive head-first into the things you love, <br>and easily share your favorite moments. Learn, explore, connect <br>and be inspired.</p>
</div>
<div class=""tp-product-details-desc-content"">
<h3 class=""tp-product-details-desc-title"">Draw inspiration with S Pen</h3>
<p>S Pen is a bundle of writing instruments in one. Its natural grip, <br>low latency and impressive pressure sensitivity will make it your go-to for everything from drawing to editing documents. And S Pen won't get misplaced thanks.</p>
</div>
</div>
<div class=""col-lg-6"">
<div class=""tp-product-details-desc-thumb""><img alt="""" src=""https://cdn.shopify.com/s/files/1/0670/2301/2064/files/product-details-desc-1.jpg?v=1706118695""></div>
</div>
</div>
</div>
<div class=""tp-product-details-desc-item  pb-75"">
<div class=""row"">
<div class=""col-lg-7"">
<div class=""tp-product-details-desc-thumb""><img alt="""" src=""https://cdn.shopify.com/s/files/1/0670/2301/2064/files/product-details-desc-2.jpg?v=1706118906""></div>
</div>
<div class=""col-lg-5 order-first order-lg-last"">
<div class=""tp-product-details-desc-content des-content-2 pl-40"">
<h3 class=""tp-product-details-desc-title"">Carry with <br>Confidence and style</h3>
<p>Wrap your tablet in a sleek case that's as stylish as it is convenient. Galaxy Tab S6 Lite Book Cover folds around and clings magnetically, so you can easily gear up as you're headed out the door. There's even a compartment for S pen, so you can be sure it doesn't get left behind.</p>
</div>
</div>
</div>
</div>
<div class=""tp-product-details-desc-item"">
<div class=""row"">
<div class=""col-xl-12"">
<div class=""tp-product-details-desc-banner text-center m-img"">
<h3 class=""tp-product-details-desc-banner-title tp-product-details-desc-title"">Speed Memory Power = Epic Races</h3>
<img alt="""" src=""https://cdn.shopify.com/s/files/1/0670/2301/2064/files/product-details-desc-3.jpg?v=1706118907"">
</div>
</div>
</div>
</div>
</div>",shofy,"Food, Beverages & Tobacco > Food Items > Meat, Seafood & Eggs > Meat > Fresh & Frozen Meats","",fresh Fruits,true,Title,Default Title,,,,,,0.0,shopify,deny,manual,29.00,,true,true,,https://cdn.shopify.com/s/files/1/0688/6418/0472/files/product-grocery-17_b51d5294-b1d5-43e1-b510-bf703d05146c.jpg?v=1709612068,1,"",false,,,,,,,,,,,,,,,kg,,,true,,,true,,,active
tangerine-fresh-juice,,,,,,,,,,,,,,,,,,,,,,,,https://cdn.shopify.com/s/files/1/0688/6418/0472/files/product-grocery-15_1ca03216-b7fc-4624-aebc-bbfb9d126269.jpg?v=1709612068,2,"",,,,,,,,,,,,,,,,,,,,,,,,,
tangerine-fresh-juice,,,,,,,,,,,,,,,,,,,,,,,,https://cdn.shopify.com/s/files/1/0688/6418/0472/files/product-grocery-16_de2d1bdf-fe59-454c-bccc-2759976af057.jpg?v=1709612068,3,"",,,,,,,,,,,,,,,,,,,,,,,,,
white-vegetable-healthy-letus,White vegetable healthy letus,"<div class=""col-xl-10"">
<div class=""tp-product-details-desc-item pb-105"">
<div class=""row"">
<div class=""col-lg-6"">
<div class=""tp-product-details-desc-content pt-25"">
<span>Galaxy A8 tablet</span>
<h3 class=""tp-product-details-desc-title"">Your world at a glance</h3>
<p>With a slim design, a vibrant entertainment system, and <br>outstanding performance, the new Galaxy Tab A7 is a stylish new <br>companion for your life.Dive head-first into the things you love, <br>and easily share your favorite moments. Learn, explore, connect <br>and be inspired.</p>
</div>
<div class=""tp-product-details-desc-content"">
<h3 class=""tp-product-details-desc-title"">Draw inspiration with S Pen</h3>
<p>S Pen is a bundle of writing instruments in one. Its natural grip, <br>low latency and impressive pressure sensitivity will make it your go-to for everything from drawing to editing documents. And S Pen won't get misplaced thanks.</p>
</div>
</div>
<div class=""col-lg-6"">
<div class=""tp-product-details-desc-thumb""><img alt="""" src=""https://cdn.shopify.com/s/files/1/0670/2301/2064/files/product-details-desc-1.jpg?v=1706118695""></div>
</div>
</div>
</div>
<div class=""tp-product-details-desc-item  pb-75"">
<div class=""row"">
<div class=""col-lg-7"">
<div class=""tp-product-details-desc-thumb""><img alt="""" src=""https://cdn.shopify.com/s/files/1/0670/2301/2064/files/product-details-desc-2.jpg?v=1706118906""></div>
</div>
<div class=""col-lg-5 order-first order-lg-last"">
<div class=""tp-product-details-desc-content des-content-2 pl-40"">
<h3 class=""tp-product-details-desc-title"">Carry with <br>Confidence and style</h3>
<p>Wrap your tablet in a sleek case that's as stylish as it is convenient. Galaxy Tab S6 Lite Book Cover folds around and clings magnetically, so you can easily gear up as you're headed out the door. There's even a compartment for S pen, so you can be sure it doesn't get left behind.</p>
</div>
</div>
</div>
</div>
<div class=""tp-product-details-desc-item"">
<div class=""row"">
<div class=""col-xl-12"">
<div class=""tp-product-details-desc-banner text-center m-img"">
<h3 class=""tp-product-details-desc-banner-title tp-product-details-desc-title"">Speed Memory Power = Epic Races</h3>
<img alt="""" src=""https://cdn.shopify.com/s/files/1/0670/2301/2064/files/product-details-desc-3.jpg?v=1706118907"">
</div>
</div>
</div>
</div>
</div>",shofy,,"","fresh Fruits, vegetables",true,Title,Default Title,,,,,,0.0,shopify,deny,manual,27.00,,true,true,,https://cdn.shopify.com/s/files/1/0688/6418/0472/files/product-grocery-16.jpg?v=1709610740,1,"",false,,,,,,,,,,,,,,,kg,,,true,,,true,,,active
white-vegetable-healthy-letus,,,,,,,,,,,,,,,,,,,,,,,,https://cdn.shopify.com/s/files/1/0688/6418/0472/files/product-grocery-15.jpg?v=1709610751,2,"",,,,,,,,,,,,,,,,,,,,,,,,,
white-vegetable-healthy-letus,,,,,,,,,,,,,,,,,,,,,,,,https://cdn.shopify.com/s/files/1/0688/6418/0472/files/product-grocery-17.jpg?v=1709610751,3,"",,,,,,,,,,,,,,,,,,,,,,,,,
whole-red-onions,Whole Red Onions,"<div class=""col-xl-10"">
<div class=""tp-product-details-desc-item pb-105"">
<div class=""row"">
<div class=""col-lg-6"">
<div class=""tp-product-details-desc-content pt-25"">
<span>Galaxy A8 tablet</span>
<h3 class=""tp-product-details-desc-title"">Your world at a glance</h3>
<p>With a slim design, a vibrant entertainment system, and <br>outstanding performance, the new Galaxy Tab A7 is a stylish new <br>companion for your life.Dive head-first into the things you love, <br>and easily share your favorite moments. Learn, explore, connect <br>and be inspired.</p>
</div>
<div class=""tp-product-details-desc-content"">
<h3 class=""tp-product-details-desc-title"">Draw inspiration with S Pen</h3>
<p>S Pen is a bundle of writing instruments in one. Its natural grip, <br>low latency and impressive pressure sensitivity will make it your go-to for everything from drawing to editing documents. And S Pen won't get misplaced thanks.</p>
</div>
</div>
<div class=""col-lg-6"">
<div class=""tp-product-details-desc-thumb""><img alt="""" src=""https://cdn.shopify.com/s/files/1/0670/2301/2064/files/product-details-desc-1.jpg?v=1706118695""></div>
</div>
</div>
</div>
<div class=""tp-product-details-desc-item  pb-75"">
<div class=""row"">
<div class=""col-lg-7"">
<div class=""tp-product-details-desc-thumb""><img alt="""" src=""https://cdn.shopify.com/s/files/1/0670/2301/2064/files/product-details-desc-2.jpg?v=1706118906""></div>
</div>
<div class=""col-lg-5 order-first order-lg-last"">
<div class=""tp-product-details-desc-content des-content-2 pl-40"">
<h3 class=""tp-product-details-desc-title"">Carry with <br>Confidence and style</h3>
<p>Wrap your tablet in a sleek case that's as stylish as it is convenient. Galaxy Tab S6 Lite Book Cover folds around and clings magnetically, so you can easily gear up as you're headed out the door. There's even a compartment for S pen, so you can be sure it doesn't get left behind.</p>
</div>
</div>
</div>
</div>
<div class=""tp-product-details-desc-item"">
<div class=""row"">
<div class=""col-xl-12"">
<div class=""tp-product-details-desc-banner text-center m-img"">
<h3 class=""tp-product-details-desc-banner-title tp-product-details-desc-title"">Speed Memory Power = Epic Races</h3>
<img alt="""" src=""https://cdn.shopify.com/s/files/1/0670/2301/2064/files/product-details-desc-3.jpg?v=1706118907"">
</div>
</div>
</div>
</div>
</div>",shofy,,"","fresh Fruits, vegetables",true,Title,Default Title,,,,,,0.0,shopify,deny,manual,123.00,,true,true,,https://cdn.shopify.com/s/files/1/0688/6418/0472/files/product-grocery-6_0c14aeb3-a11c-427b-bbad-fc2f83e4b8f4.jpg?v=1709115869,1,"",false,,,,,,,,,,,,,,,kg,,,true,,,true,,,active
whole-red-onions,,,,,,,,,,,,,,,,,,,,,,,,https://cdn.shopify.com/s/files/1/0688/6418/0472/files/product-grocery-1_5cbc7754-c79e-408c-a048-d617ed87cdcb.jpg?v=1709115869,2,"",,,,,,,,,,,,,,,,,,,,,,,,,
whole-red-onions,,,,,,,,,,,,,,,,,,,,,,,,https://cdn.shopify.com/s/files/1/0688/6418/0472/files/product-grocery-3_33af3ca9-f400-43ae-a1c5-9eec9cb38cdd.jpg?v=1709115869,3,"",,,,,,,,,,,,,,,,,,,,,,,,,
fresh-garlic-100gm,Fresh Garlic 100gm,"<div class=""col-xl-10"">
<div class=""tp-product-details-desc-item pb-105"">
<div class=""row"">
<div class=""col-lg-6"">
<div class=""tp-product-details-desc-content pt-25"">
<span>Galaxy A8 tablet</span>
<h3 class=""tp-product-details-desc-title"">Your world at a glance</h3>
<p>With a slim design, a vibrant entertainment system, and <br>outstanding performance, the new Galaxy Tab A7 is a stylish new <br>companion for your life.Dive head-first into the things you love, <br>and easily share your favorite moments. Learn, explore, connect <br>and be inspired.</p>
</div>
<div class=""tp-product-details-desc-content"">
<h3 class=""tp-product-details-desc-title"">Draw inspiration with S Pen</h3>
<p>S Pen is a bundle of writing instruments in one. Its natural grip, <br>low latency and impressive pressure sensitivity will make it your go-to for everything from drawing to editing documents. And S Pen won't get misplaced thanks.</p>
</div>
</div>
<div class=""col-lg-6"">
<div class=""tp-product-details-desc-thumb""><img alt="""" src=""https://cdn.shopify.com/s/files/1/0670/2301/2064/files/product-details-desc-1.jpg?v=1706118695""></div>
</div>
</div>
</div>
<div class=""tp-product-details-desc-item  pb-75"">
<div class=""row"">
<div class=""col-lg-7"">
<div class=""tp-product-details-desc-thumb""><img alt="""" src=""https://cdn.shopify.com/s/files/1/0670/2301/2064/files/product-details-desc-2.jpg?v=1706118906""></div>
</div>
<div class=""col-lg-5 order-first order-lg-last"">
<div class=""tp-product-details-desc-content des-content-2 pl-40"">
<h3 class=""tp-product-details-desc-title"">Carry with <br>Confidence and style</h3>
<p>Wrap your tablet in a sleek case that's as stylish as it is convenient. Galaxy Tab S6 Lite Book Cover folds around and clings magnetically, so you can easily gear up as you're headed out the door. There's even a compartment for S pen, so you can be sure it doesn't get left behind.</p>
</div>
</div>
</div>
</div>
<div class=""tp-product-details-desc-item"">
<div class=""row"">
<div class=""col-xl-12"">
<div class=""tp-product-details-desc-banner text-center m-img"">
<h3 class=""tp-product-details-desc-banner-title tp-product-details-desc-title"">Speed Memory Power = Epic Races</h3>
<img alt="""" src=""https://cdn.shopify.com/s/files/1/0670/2301/2064/files/product-details-desc-3.jpg?v=1706118907"">
</div>
</div>
</div>
</div>
</div>",shofy,"Food, Beverages & Tobacco > Food Items > Fruits & Vegetables > Fresh & Frozen Fruits","","fresh Fruits, vegetables",true,Title,Default Title,,,,,,0.0,shopify,deny,manual,27.00,,true,true,,https://cdn.shopify.com/s/files/1/0688/6418/0472/files/product-grocery-7.jpg?v=1709115471,1,"",false,,,,,,,,,,,,,,,kg,,,true,,,true,,,active
fresh-garlic-100gm,,,,,,,,,,,,,,,,,,,,,,,,https://cdn.shopify.com/s/files/1/0688/6418/0472/files/product-grocery-3_89c18482-538b-4563-b285-8ccd074cc42e.jpg?v=1709115471,2,"",,,,,,,,,,,,,,,,,,,,,,,,,
fresh-garlic-100gm,,,,,,,,,,,,,,,,,,,,,,,,https://cdn.shopify.com/s/files/1/0688/6418/0472/files/product-grocery-6.jpg?v=1709115471,3,"",,,,,,,,,,,,,,,,,,,,,,,,,
gorgeous-marble-coat,Gorgeous Marble Coat,"<div class=""col-xl-10"">
<div class=""tp-product-details-desc-item pb-105"">
<div class=""row"">
<div class=""col-lg-6"">
<div class=""tp-product-details-desc-content pt-25"">
<span>Galaxy A8 tablet</span>
<h3 class=""tp-product-details-desc-title"">Your world at a glance</h3>
<p>With a slim design, a vibrant entertainment system, and <br>outstanding performance, the new Galaxy Tab A7 is a stylish new <br>companion for your life.Dive head-first into the things you love, <br>and easily share your favorite moments. Learn, explore, connect <br>and be inspired.</p>
</div>
<div class=""tp-product-details-desc-content"">
<h3 class=""tp-product-details-desc-title"">Draw inspiration with S Pen</h3>
<p>S Pen is a bundle of writing instruments in one. Its natural grip, <br>low latency and impressive pressure sensitivity will make it your go-to for everything from drawing to editing documents. And S Pen won't get misplaced thanks.</p>
</div>
</div>
<div class=""col-lg-6"">
<div class=""tp-product-details-desc-thumb""><img alt="""" src=""https://cdn.shopify.com/s/files/1/0670/2301/2064/files/product-details-desc-1.jpg?v=1706118695""></div>
</div>
</div>
</div>
<div class=""tp-product-details-desc-item  pb-75"">
<div class=""row"">
<div class=""col-lg-7"">
<div class=""tp-product-details-desc-thumb""><img alt="""" src=""https://cdn.shopify.com/s/files/1/0670/2301/2064/files/product-details-desc-2.jpg?v=1706118906""></div>
</div>
<div class=""col-lg-5 order-first order-lg-last"">
<div class=""tp-product-details-desc-content des-content-2 pl-40"">
<h3 class=""tp-product-details-desc-title"">Carry with <br>Confidence and style</h3>
<p>Wrap your tablet in a sleek case that's as stylish as it is convenient. Galaxy Tab S6 Lite Book Cover folds around and clings magnetically, so you can easily gear up as you're headed out the door. There's even a compartment for S pen, so you can be sure it doesn't get left behind.</p>
</div>
</div>
</div>
</div>
<div class=""tp-product-details-desc-item"">
<div class=""row"">
<div class=""col-xl-12"">
<div class=""tp-product-details-desc-banner text-center m-img"">
<h3 class=""tp-product-details-desc-banner-title tp-product-details-desc-title"">Speed Memory Power = Epic Races</h3>
<img alt="""" src=""https://cdn.shopify.com/s/files/1/0670/2301/2064/files/product-details-desc-3.jpg?v=1706118907"">
</div>
</div>
</div>
</div>
</div>",shofy,,"","fresh Fruits, vegetables",true,Title,Default Title,,,,,"",0.0,shopify,deny,manual,27.00,,true,true,"",https://cdn.shopify.com/s/files/1/0688/6418/0472/files/product-grocery-8.jpg?v=1709115003,1,"",false,,,,,,,,,,,,,,,kg,,,true,,,true,,,active
gorgeous-marble-coat,,,,,,,,,,,,,,,,,,,,,,,,https://cdn.shopify.com/s/files/1/0688/6418/0472/files/product-grocery-1.jpg?v=1709115004,2,"",,,,,,,,,,,,,,,,,,,,,,,,,
gorgeous-marble-coat,,,,,,,,,,,,,,,,,,,,,,,,https://cdn.shopify.com/s/files/1/0688/6418/0472/files/product-grocery-3.jpg?v=1709115003,3,"",,,,,,,,,,,,,,,,,,,,,,,,,
