{
  "sections": {
    "main": {
      "type": "main-article",
      "blocks": {
        "author_info_yb7Nyb": {
          "type": "author_info",
          "settings": {
            "title": "About me",
            "author_link": "shopify:\/\/pages\/about",
            "author_avatar": "shopify:\/\/shop_images\/user-11_32f6ec93-2ed2-46e0-82c3-9193976b190a.jpg",
            "author_name": "Ravi O'Leigh",
            "author_designation": "CEO & Founder",
            "author_bio": "Lorem ligula eget dolor. Aenean massa. Cum sociis que penatibus magnis dis parturient",
            "author_signature": "shopify:\/\/shop_images\/signature_b772723b-7bfd-42b4-80ec-9490daba36c2.png"
          }
        },
        "recent_post_LrPDHJ": {
          "type": "recent_post",
          "settings": {
            "title": "Recent Post",
            "maximum": 3
          }
        },
        "categories_6Urpc4": {
          "type": "categories",
          "settings": {
            "title": "Blog Category",
            "menu": "shop-menu"
          }
        }
      },
      "block_order": [
        "author_info_yb7Nyb",
        "recent_post_LrPDHJ",
        "categories_6Urpc4"
      ],
      "settings": {
        "container": "container",
        "post_show_author": true,
        "post_show_date": true,
        "post_show_tags": true,
        "post_show_share": true,
        "post_next_previous": true,
        "show_related_articles": true,
        "related_articles_title": "Related Articles",
        "aspect_ratio": "original",
        "custom_ratio": "21:9",
        "hover_effect": "zoom",
        "hover_effect_infor": "none"
      }
    }
  },
  "order": [
    "main"
  ]
}