{
  "sections": {
    "main": {
      "type": "main-list-collections",
      "blocks": {
        "collection_dhpnAQ": {
          "type": "collection",
          "settings": {
            "title_collection": "",
            "collection": "apparel",
            "image": "shopify:\/\/shop_images\/category-main-1.jpg"
          }
        },
        "collection_mNP3bK": {
          "type": "collection",
          "settings": {
            "title_collection": "",
            "collection": "backpack",
            "image": "shopify:\/\/shop_images\/category-main-2.jpg"
          }
        },
        "collection_CawLLY": {
          "type": "collection",
          "settings": {
            "title_collection": "",
            "collection": "gifts",
            "image": "shopify:\/\/shop_images\/category-main-4.jpg"
          }
        },
        "collection_kNwJrt": {
          "type": "collection",
          "settings": {
            "title_collection": "",
            "collection": "new-arrivals",
            "image": "shopify:\/\/shop_images\/category-main-6.jpg"
          }
        },
        "collection_hVA6mG": {
          "type": "collection",
          "settings": {
            "title_collection": "Woman",
            "collection": "weeks-featured",
            "image": "shopify:\/\/shop_images\/category-main-3.jpg"
          }
        },
        "collection_eKFLFm": {
          "type": "collection",
          "settings": {
            "title_collection": "",
            "collection": "weeks-featured",
            "image": "shopify:\/\/shop_images\/category-main-5.jpg"
          }
        }
      },
      "block_order": [
        "collection_dhpnAQ",
        "collection_mNP3bK",
        "collection_CawLLY",
        "collection_kNwJrt",
        "collection_hVA6mG",
        "collection_eKFLFm"
      ],
      "settings": {
        "container": "container",
        "title": "All Collections"
      }
    }
  },
  "order": [
    "main"
  ]
}