{
  "sections": {
    "main": {
      "type": "main-article",
      "blocks": {
        "author_info_Gq9eK8": {
          "type": "author_info",
          "settings": {
            "title": "About me",
            "author_link": "shopify://pages/about-page",
            "author_avatar": "shopify://shop_images/user-11_f3dead55-dbca-4d89-8d8c-736e5a4d05a0.jpg",
            "author_name": "Ravi O'Leigh",
            "author_designation": "CEO & Founder",
            "author_bio": "Lorem ligula eget dolor. Aenean massa. Cum sociis que penatibus magnis dis parturient",
            "author_signature": "shopify://shop_images/signature_73936baa-e5e6-4481-a554-9271be325a37.png"
          }
        },
        "recent_post_GNVAN9": {
          "type": "recent_post",
          "settings": {
            "title": "Recent Post",
            "maximum": 3
          }
        },
        "categories_YyAPzn": {
          "type": "categories",
          "settings": {
            "title": "Blog Category",
            "menu": "search-menu"
          }
        }
      },
      "block_order": [
        "author_info_Gq9eK8",
        "recent_post_GNVAN9",
        "categories_YyAPzn"
      ],
      "settings": {
        "container": "container",
        "post_show_author": true,
        "post_show_date": true,
        "post_show_tags": true,
        "post_show_share": true,
        "post_next_previous": true,
        "show_related_articles": true,
        "related_articles_title": "Related Articles",
        "aspect_ratio": "original",
        "custom_ratio": "21:9",
        "hover_effect": "zoom",
        "hover_effect_infor": "none"
      }
    }
  },
  "order": [
    "main"
  ]
}