{
  "sections": {
    "main-collection-heading": {
      "type": "main-collection-heading",
      "settings": {
        "title": "Shop"
      }
    },
    "product-grid": {
      "type": "main-collection-product",
      "blocks": {
        "3b46edaf-55ef-46a8-b8fe-a6eb39ade3a8": {
          "type": "filter_by_dynamic",
          "settings": {
          }
        },
        "35c81196-1f20-4b1d-98e4-1bea284fe6d7": {
          "type": "categories",
          "settings": {
            "title": "Categories",
            "menu": "search-menu"
          }
        },
        "2039056a-3cc3-4534-a522-d35bdfbaef6c": {
          "type": "popular_product",
          "settings": {
            "title": "Top Rated Products",
            "collection": "cloths",
            "type_product": "list",
            "maximum": 3
          }
        },
        "8fe431f8-91f7-4b21-a605-4b55df7293e1": {
          "type": "image_banner",
          "settings": {
            "url": "",
            "open_link": false
          }
        },
        "brands_TEG3dE": {
          "type": "brands",
          "settings": {
            "title": "Popular Brands",
            "brands_1": "shopify://shop_images/logo_01_a1da7a31-f639-4fa4-9380-c5fb0c49c87e.png",
            "brands_1_link": "#",
            "brands_2": "shopify://shop_images/logo_03_1aefd384-cc4d-41a3-8a7b-e2c4907ffc1b.png",
            "brands_2_link": "#",
            "brands_3": "shopify://shop_images/logo_05.png",
            "brands_3_link": "#",
            "brands_4": "shopify://shop_images/logo_02_442ad51c-a4bf-47c4-b99c-409166e3c96d.png",
            "brands_4_link": "#",
            "brands_5": "shopify://shop_images/logo_04_40130c64-6ee2-4d1c-9fac-550a80705aaa.png",
            "brands_5_link": "#",
            "brands_6": "shopify://shop_images/logo_07_dd8d5b89-849b-4630-8501-032df1496559.png",
            "brands_6_link": "#",
            "brands_7": "shopify://shop_images/logo_06_7391f3e8-be64-4f46-adc1-29f59364518c.png",
            "brands_7_link": "#",
            "brands_8": "shopify://shop_images/logo_08_a37a5680-269e-4bc0-8a38-07ee58be9562.png",
            "brands_8_link": "#"
          }
        }
      },
      "block_order": [
        "3b46edaf-55ef-46a8-b8fe-a6eb39ade3a8",
        "35c81196-1f20-4b1d-98e4-1bea284fe6d7",
        "2039056a-3cc3-4534-a522-d35bdfbaef6c",
        "8fe431f8-91f7-4b21-a605-4b55df7293e1",
        "brands_TEG3dE"
      ],
      "settings": {
        "layout": "container-fluid",
        "products_column": 4,
        "number_products_grid": 12,
        "number_products_list": 4,
        "pagination": "default",
        "product_page_count": true,
        "product_sort_options": true,
        "progress_bar": true,
        "sidebar_position": "left_sidebar"
      }
    }
  },
  "order": [
    "main-collection-heading",
    "product-grid"
  ]
}