{
  "sections": {
    "main": {
      "type": "main-list-collections",
      "blocks": {
        "collection_3hrnER": {
          "type": "collection",
          "settings": {
            "title_collection": "",
            "collection": "backpack",
            "image": "shopify://shop_images/category-main-1.jpg"
          }
        },
        "collection_yJQgzt": {
          "type": "collection",
          "settings": {
            "title_collection": "",
            "collection": "electronics",
            "image": "shopify://shop_images/category-main-2.jpg"
          }
        },
        "collection_7xKgqW": {
          "type": "collection",
          "settings": {
            "title_collection": "",
            "collection": "new-arrivals",
            "image": "shopify://shop_images/category-main-4.jpg"
          }
        },
        "collection_YfKaBY": {
          "type": "collection",
          "settings": {
            "title_collection": "",
            "collection": "gifts",
            "image": "shopify://shop_images/category-main-6.jpg"
          }
        },
        "collection_JUUfKz": {
          "type": "collection",
          "settings": {
            "title_collection": "",
            "collection": "cloths",
            "image": "shopify://shop_images/category-main-5.jpg"
          }
        },
        "collection_UkatFc": {
          "type": "collection",
          "settings": {
            "title_collection": "",
            "collection": "shoe",
            "image": "shopify://shop_images/category-main-3.jpg"
          }
        }
      },
      "block_order": [
        "collection_3hrnER",
        "collection_yJQgzt",
        "collection_7xKgqW",
        "collection_YfKaBY",
        "collection_JUUfKz",
        "collection_UkatFc"
      ],
      "settings": {
        "container": "container",
        "title": "All Collections"
      }
    }
  },
  "order": [
    "main"
  ]
}