{"sections":{"aboutus_v2":{"type":"about-template-v2","blocks":{"1406b761-85d7-464e-b71d-9da96144259a":{"type":"teams","settings":{"people_teams_image":"shopify:\/\/shop_images\/ourteam-1-1.jpg","block_people_teams":"Adrian Stone","block_position_teams":"CEO","link_people_teams":"shopify:\/\/collections\/all"}},"b5802edd-dabf-4ee7-8e3a-5d1f2f640b72":{"type":"teams","settings":{"people_teams_image":"shopify:\/\/shop_images\/ourteam-2-1.jpg","block_people_teams":"Karen Ryan","block_position_teams":"Designer","link_people_teams":"shopify:\/\/collections\/all"}},"d5be8379-f3fa-496d-bac4-f6638c9b2c65":{"type":"teams","settings":{"people_teams_image":"shopify:\/\/shop_images\/ourteam-3-1.jpg","block_people_teams":"Saga Norén","block_position_teams":"Developer","link_people_teams":"shopify:\/\/collections\/all"}},"8f95e28d-3b14-4491-877a-42e74f734611":{"type":"teams","settings":{"people_teams_image":"shopify:\/\/shop_images\/ourteam-3-6.jpg","block_people_teams":"Karen David","block_position_teams":"Developer","link_people_teams":"shopify:\/\/collections\/all"}},"47e3a0f2-a446-4a22-976c-c9986dcb2187":{"type":"address","settings":{"block_title_address":"NEWYORK STORE","block_p_address":"Brooklyn Law School. 250 Joralemon","block_time_address":"Monday to Friday : 9am to 8pm","block_email_address":"creativewithjoy@gmail.com"}},"b228b39e-d954-47a6-831e-78fb07b6b946":{"type":"address","settings":{"block_title_address":"AMSTERDAM STORE","block_p_address":"Roeterseiland Campus Building E, 10th Amsterdam","block_time_address":"Monday to Friday : 8am to 5pm","block_email_address":"creativewithjoy@gmail.com"}},"ae638e23-5f6e-482d-857d-956cfd55855d":{"type":"address","settings":{"block_title_address":"LONDON STORE","block_p_address":"15-17 Charlotte Street, London","block_time_address":"Monday to Friday : 9am to 8pm","block_email_address":"Example@gmail.com"}}},"block_order":["1406b761-85d7-464e-b71d-9da96144259a","b5802edd-dabf-4ee7-8e3a-5d1f2f640b72","d5be8379-f3fa-496d-bac4-f6638c9b2c65","8f95e28d-3b14-4491-877a-42e74f734611","47e3a0f2-a446-4a22-976c-c9986dcb2187","b228b39e-d954-47a6-831e-78fb07b6b946","ae638e23-5f6e-482d-857d-956cfd55855d"],"settings":{"enable_slide":true,"bg_breadcrumb":"shopify:\/\/shop_images\/breadcup-1.jpg","enable_about_top":true,"title_abouttop":"Unique & Stylist Fashion<br> We Are An Awesome Agency.","description_abouttop":"I am a highly organised and motivated professional Fashion Designer with a wealth of experience in a range of photographic styles and services. Just run your Fashion Store which will be a reflection of you a sexy and confident woman that shines with her unique style. Our goal is to make fashion as easy possible. We bring you the best of glam and sexy clothes while keeping in mind that high quality things arent always too expensive. Our goal is to make fashion as easy as possible, that is why we add carefully selected products on a daily basis, and this is essential for us. This is how you keep up with the times in style! We ship worldwide & space!","button_about_top":"EXPLORE MORE","link_abouttop":"shopify:\/\/collections\/all","enable_video":true,"image_video":"shopify:\/\/shop_images\/about6.jpg","url_section_video":"https:\/\/youtu.be\/Gmh_xMMJ2Pw","enable_teams":true,"title_teams":"Meet Our Teams","description_teams":"Donec sed odio dui. Fusce dapibus, tellus ac cursus commodo, tortor mauris condimentum nibh, <br> ut fermentum massa justo. condimentum nibh.","enable_store":true,"title_store":"Store in the world","description_store":"Quisque vitae nibh iaculis neque blandit hendrerit euismod.Maecenas sit amet purus eget ipsum elementum<br> venenatis. Aenean maximus urna magna, quis rutrum mi semper non. Cras rhoncus elit non arcu hendrerit rhoncus sit<br> amet purus eget ipsum.","image_store1":"shopify:\/\/shop_images\/about7.jpg","urlimage_store1":"shopify:\/\/collections\/all","image_store2":"shopify:\/\/shop_images\/about8.jpg","urlimage_store2":"shopify:\/\/collections\/all","image_store3":"shopify:\/\/shop_images\/about9.jpg","urlimage_store3":"shopify:\/\/collections\/all","enable_address":true}}},"order":["aboutus_v2"]}