{
    "sections": {
        "main": {
            "type": "main-article",
            "settings": {
                "container": "container",
                "post_show_author": true,
                "post_show_date": true,
                "post_show_tags": true,
                "post_show_share": true,
                "post_next_previous": true,
                "show_related_articles": true,
                "related_articles_title": "Related Articles",
                "aspect_ratio": "original",
                "custom_ratio": "21:9",
                "hover_effect": "zoom"
            }
        }
    },
    "order": [
        "main"
    ]
}