{
  "sections": {
    "main-blog-heading": {
      "type": "main-blog-heading",
      "blocks": {
        "ccc2de65-aceb-482e-b1d4-66f1f4992283": {
          "type": "1",
          "settings": {
            "text_cl": "#ffffff",
            "text_fs": 45
          }
        }
      },
      "block_order": [
        "ccc2de65-aceb-482e-b1d4-66f1f4992283"
      ],
      "settings": {
        "layout": "full-width",
        "background_heading_color": "#111111",
        "breadcrumb_color": "#ffffff",
        "show_banner": true,
        "image": "shopify:\/\/shop_images\/breadcrumb-bg-1.jpg",
        "min_height": 200,
        "show_overlay": false,
        "overlay": 54
      }
    },
    "main": {
      "type": "main-blog",
      "blocks": {
        "author_info_8UpFzb": {
          "type": "author_info",
          "settings": {
            "title": "About me",
            "author_link": "#",
            "author_avatar": "shopify:\/\/shop_images\/user-11_97982ddf-5a8d-4744-99ee-e1e55efe8151.jpg",
            "author_name": "Ravi O'Leigh",
            "author_designation": "CEO & Founder",
            "author_bio": "Lorem ligula eget dolor. Aenean massa. Cum sociis que penatibus magnis dis parturient",
            "author_signature": "shopify:\/\/shop_images\/signature.png"
          }
        },
        "b392fde8-b681-4a99-8215-784c0ec20dc5": {
          "type": "recent_post",
          "settings": {
            "title": "Popular Posts",
            "maximum": 5,
            "aspect_ratio": "1\/1",
            "custom_ratio": "21:9"
          }
        },
        "7365bfb9-81e8-42fd-9c4d-c9c071279a7d": {
          "type": "categories",
          "settings": {
            "title": "Category",
            "menu": "blog-category-menu"
          }
        }
      },
      "block_order": [
        "author_info_8UpFzb",
        "b392fde8-b681-4a99-8215-784c0ec20dc5",
        "7365bfb9-81e8-42fd-9c4d-c9c071279a7d"
      ],
      "settings": {
        "container": "container",
        "max_articles": 8,
        "sidebar_position": "right_sidebar",
        "post_show_author": true,
        "post_show_tag": true,
        "post_show_date": true,
        "post_show_excerpt": true,
        "post_show_button": true
      }
    }
  },
  "order": [
    "main-blog-heading",
    "main"
  ]
}