{
  "sections": {
    "main-collection-heading": {
      "type": "main-collection-heading",
      "settings": {
        "title": "Shop"
      }
    },
    "product-grid": {
      "type": "main-collection-product",
      "blocks": {
        "3b46edaf-55ef-46a8-b8fe-a6eb39ade3a8": {
          "type": "filter_by_dynamic",
          "settings": {
          }
        },
        "35c81196-1f20-4b1d-98e4-1bea284fe6d7": {
          "type": "categories",
          "settings": {
            "title": "Categories",
            "menu": "shop-collection"
          }
        },
        "2039056a-3cc3-4534-a522-d35bdfbaef6c": {
          "type": "popular_product",
          "settings": {
            "title": "Top Rated Products",
            "collection": "vegetables",
            "type_product": "list",
            "maximum": 3
          }
        },
        "brands_TEG3dE": {
          "type": "brands",
          "settings": {
            "title": "Popular Brands",
            "brands_1": "shopify:\/\/shop_images\/logo_01.png",
            "brands_1_link": "#",
            "brands_2": "shopify:\/\/shop_images\/logo_02.png",
            "brands_2_link": "#",
            "brands_3": "shopify:\/\/shop_images\/logo_03.png",
            "brands_3_link": "#",
            "brands_4": "shopify:\/\/shop_images\/logo_04.png",
            "brands_4_link": "#",
            "brands_5": "shopify:\/\/shop_images\/logo_05.png",
            "brands_5_link": "#",
            "brands_6": "shopify:\/\/shop_images\/logo_06.png",
            "brands_6_link": "#",
            "brands_7": "shopify:\/\/shop_images\/logo_07.png",
            "brands_7_link": "#",
            "brands_8": "shopify:\/\/shop_images\/logo_08.png",
            "brands_8_link": "#"
          }
        }
      },
      "block_order": [
        "3b46edaf-55ef-46a8-b8fe-a6eb39ade3a8",
        "35c81196-1f20-4b1d-98e4-1bea284fe6d7",
        "2039056a-3cc3-4534-a522-d35bdfbaef6c",
        "brands_TEG3dE"
      ],
      "settings": {
        "layout": "container-fluid",
        "products_column": 4,
        "number_products_grid": 9,
        "number_products_list": 4,
        "pagination": "default",
        "product_page_count": true,
        "product_sort_options": true,
        "progress_bar": true,
        "sidebar_position": "left_sidebar"
      }
    }
  },
  "order": [
    "main-collection-heading",
    "product-grid"
  ]
}