{
  "sections": {
    "slideshow_5_Dtka7j": {
      "type": "slideshow-5",
      "settings": {
        "subtitle_image": "shopify:\/\/shop_images\/subtitle.png",
        "title": "The Online <br>Grocery Store",
        "button_text": "Shop Now",
        "button_url": "",
        "show_thumbnail": true,
        "thumbnail": "shopify:\/\/shop_images\/slider-1_821e36cc-3d40-4d2e-9cde-1d2c8cacdea5.png",
        "show_offer": true,
        "offer": "shopify:\/\/shop_images\/offer.png",
        "show_shape_1": true,
        "slider_shape_1": "shopify:\/\/shop_images\/shape-1_d3400c45-e4cf-4633-bd7f-d760bc10ddb1.png",
        "show_shape_2": true,
        "slider_shape_2": "shopify:\/\/shop_images\/shape-2_11f99512-2c2a-4a8a-b109-47602c95c729.png",
        "show_shape_3": true,
        "slider_shape_3": "shopify:\/\/shop_images\/shape-3_56df2e3d-b225-4577-824f-7893a39dd33e.png",
        "show_shape_4": true,
        "slider_shape_4": "shopify:\/\/shop_images\/shape-4_bd9b21cd-b6c1-4a5c-85cd-9e7974eea716.png"
      }
    },
    "collection_list_CGDWtF": {
      "type": "collection-list",
      "blocks": {
        "collection_item_wFGap3": {
          "type": "collection_item",
          "settings": {
            "title_collection": "Frozen Foods",
            "collection": "frozen-foods",
            "image": "shopify:\/\/shop_images\/category-1.jpg",
            "product_count_color": "#5c8c10"
          }
        },
        "collection_item_TGnyhU": {
          "type": "collection_item",
          "settings": {
            "title_collection": "Bakery",
            "collection": "bakery",
            "image": "shopify:\/\/shop_images\/category-5.jpg",
            "product_count_color": "#ff7b02"
          }
        },
        "collection_item_ixBc3X": {
          "type": "collection_item",
          "settings": {
            "title_collection": "Meat and Fish",
            "collection": "meat-and-fish",
            "image": "shopify:\/\/shop_images\/category-2.jpg",
            "product_count_color": "#fa3737"
          }
        },
        "collection_item_8pDNDP": {
          "type": "collection_item",
          "settings": {
            "title_collection": "Fresh Fruits",
            "collection": "fresh-fruits",
            "image": "shopify:\/\/shop_images\/category-6.jpg",
            "product_count_color": "#f63c3b"
          }
        },
        "collection_item_Pc9xWz": {
          "type": "collection_item",
          "settings": {
            "title_collection": "Sweets",
            "collection": "frozen-foods",
            "image": "shopify:\/\/shop_images\/category-3.jpg",
            "product_count_color": "#f87117"
          }
        }
      },
      "block_order": [
        "collection_item_wFGap3",
        "collection_item_TGnyhU",
        "collection_item_ixBc3X",
        "collection_item_8pDNDP",
        "collection_item_Pc9xWz"
      ],
      "settings": {
        "heading": "Shop by Category",
        "description": "",
        "heading_2": "Popular on the Shofy store.",
        "container": "container-fluid",
        "design_collection": "design-3",
        "show_count_product": true,
        "padding_top": 100,
        "padding_bottom": 100
      }
    },
    "collection_tab_fWk4kY": {
      "type": "collection-tab",
      "blocks": {
        "collection_J4TnEJ": {
          "type": "collection",
          "settings": {
            "title": "Grocery Deals",
            "collection": "fresh-fruits"
          }
        },
        "collection_jaeNBA": {
          "type": "collection",
          "settings": {
            "title": "Vegetables",
            "collection": "vegetables"
          }
        }
      },
      "block_order": [
        "collection_J4TnEJ",
        "collection_jaeNBA"
      ],
      "settings": {
        "tab_style": "tab_style_5",
        "heading": "Featured Products",
        "subheading": "All Product Shop",
        "container": "container",
        "limit_products": 8,
        "item_desktop": 4,
        "carousel_autoplay": false,
        "carousel_loop": false,
        "padding_top": 0,
        "padding_bottom": 54
      }
    },
    "deal_area_r63rBQ": {
      "type": "deal-area",
      "settings": {
        "container": "container",
        "heading": "Grab the best Offer Of this Week!",
        "subheading": "Best Deals of the week!",
        "countdown_time": "Sep 30 2024 20:20:22",
        "enable_shape_1": true,
        "slider_shape_1": "shopify:\/\/shop_images\/shape-1_5612e67c-53d5-44b5-98d3-b549b2c0fa59.png",
        "enable_shape_2": true,
        "slider_shape_2": "shopify:\/\/shop_images\/shape-2.png",
        "enable_shape_3": true,
        "slider_shape_3": "shopify:\/\/shop_images\/shape-3.png",
        "enable_shape_4": true,
        "slider_shape_4": "shopify:\/\/shop_images\/shape-4.png",
        "enable_shape_5": true,
        "slider_shape_5": "shopify:\/\/shop_images\/shape-5.png",
        "enable_shape_6": true,
        "slider_shape_6": "shopify:\/\/shop_images\/shape-6.png",
        "enable_shape_7": true,
        "slider_shape_7": "shopify:\/\/shop_images\/shape-7.png",
        "padding_top": 135,
        "padding_bottom": 140
      }
    },
    "products_list_with_banner_k8W4WR": {
      "type": "products-list-with-banner",
      "blocks": {
        "collection_column_aQBVLC": {
          "type": "collection_column",
          "settings": {
            "column_name": "Top Selling Products",
            "collection": "frozen-foods"
          }
        },
        "collection_column_jbwLQW": {
          "type": "collection_column",
          "settings": {
            "column_name": "Top Rated Products",
            "collection": "vegetables"
          }
        }
      },
      "block_order": [
        "collection_column_aQBVLC",
        "collection_column_jbwLQW"
      ],
      "settings": {
        "heading": "Get Up to 26% Off Vegetables",
        "sub_title_image": "shopify:\/\/shop_images\/pre-title.png",
        "background_color": "#ccaf6c",
        "banner_image": "shopify:\/\/shop_images\/side-1.png",
        "banner_button_text": "Shop Now",
        "banner_button_link": "shopify:\/\/collections\/bakery",
        "container": "container",
        "limit_products": 3,
        "padding_top": 100,
        "padding_bottom": 30
      }
    },
    "testimonial_XYKHDL": {
      "type": "testimonial",
      "blocks": {
        "testimonials_FbgPY7": {
          "type": "testimonials",
          "settings": {
            "description": "<p>I have been shopping from shofy for the past few months and am loving the experience. Have been shopping from here have recommended my relatives too.<\/p>",
            "author": "MR Mojahid",
            "job": "Shopify Developer",
            "image": "shopify:\/\/shop_images\/user-11.jpg",
            "testimonial_rating": 5
          }
        },
        "testimonials_qBhLbh": {
          "type": "testimonials",
          "settings": {
            "description": "<p>They’ve usually had some experience with this company, including a purchase, use, or a conversation with their customer service team.<\/p>",
            "author": "Siarhei Dzenisenka",
            "job": "WordPress Developers",
            "image": "shopify:\/\/shop_images\/user-5.jpg",
            "testimonial_rating": 3
          }
        },
        "testimonials_EtgKwq": {
          "type": "testimonials",
          "settings": {
            "description": "<p>The tool X has really automated some of our company’s processes. We now spend less time doing manual work. It’s making [problem] very easy for us.<\/p>",
            "author": "Suel Mari",
            "job": "SEO Expart",
            "image": "shopify:\/\/shop_images\/user-6.jpg",
            "testimonial_rating": 3
          }
        }
      },
      "block_order": [
        "testimonials_FbgPY7",
        "testimonials_qBhLbh",
        "testimonials_EtgKwq"
      ],
      "settings": {
        "container": "container",
        "testimonials_style": "style_3",
        "heading": "Our Happy Customers",
        "subheading": "Customer Reviews",
        "show_rating": true,
        "quote_image": "shopify:\/\/shop_images\/testimonial-quote-2.png",
        "padding_top": 80,
        "padding_bottom": 100
      }
    },
    "product_with_banner_2_PnfgBD": {
      "type": "product-with-banner-2",
      "blocks": {
        "product_banner_item_TwEffA": {
          "type": "product_banner_item",
          "settings": {
            "banner_bg_image": "shopify:\/\/shop_images\/best-banner-1.jpg",
            "banner_link": ""
          }
        },
        "product_banner_item_T8NTHr": {
          "type": "product_banner_item",
          "settings": {
            "banner_bg_image": "shopify:\/\/shop_images\/best-banner-1.jpg",
            "banner_link": ""
          }
        }
      },
      "block_order": [
        "product_banner_item_TwEffA",
        "product_banner_item_T8NTHr"
      ],
      "settings": {
        "product_collection_link": "vegetables",
        "limit_products": 6,
        "title": "Bestsellers of the week",
        "subtitle": "More to Discover",
        "padding_top": 0,
        "padding_bottom": 0
      }
    },
    "a33b07e7-4bfe-49be-b75c-f5ca36b7975d": {
      "type": "icon-box",
      "blocks": {
        "template--18508174426409__a33b07e7-4bfe-49be-b75c-f5ca36b7975d-168083976278c0a293-0": {
          "type": "iconbox",
          "settings": {
            "svg_icon": "<svg width=\"33\" height=\"27\" viewbox=\"0 0 33 27\" fill=\"none\" xmlns=\"http:\/\/www.w3.org\/2000\/svg\">\n                                 <path d=\"M10.7222 1H31.5555V19.0556H10.7222V1Z\" stroke=\"currentColor\" stroke-width=\"2\" stroke-linecap=\"round\" stroke-linejoin=\"round\"><\/path>\n                                 <path d=\"M10.7222 7.94446H5.16667L1.00001 12.1111V19.0556H10.7222V7.94446Z\" stroke=\"currentColor\" stroke-width=\"2\" stroke-linecap=\"round\" stroke-linejoin=\"round\"><\/path>\n                                 <path d=\"M25.3055 26C23.3879 26 21.8333 24.4454 21.8333 22.5278C21.8333 20.6101 23.3879 19.0555 25.3055 19.0555C27.2232 19.0555 28.7778 20.6101 28.7778 22.5278C28.7778 24.4454 27.2232 26 25.3055 26Z\" stroke=\"currentColor\" stroke-width=\"2\" stroke-linecap=\"round\" stroke-linejoin=\"round\"><\/path>\n                                 <path d=\"M7.25001 26C5.33235 26 3.77778 24.4454 3.77778 22.5278C3.77778 20.6101 5.33235 19.0555 7.25001 19.0555C9.16766 19.0555 10.7222 20.6101 10.7222 22.5278C10.7222 24.4454 9.16766 26 7.25001 26Z\" stroke=\"currentColor\" stroke-width=\"2\" stroke-linecap=\"round\" stroke-linejoin=\"round\"><\/path>\n                              <\/svg>",
            "heading": "Fast Delivery",
            "description": ""
          }
        },
        "template--18508174426409__a33b07e7-4bfe-49be-b75c-f5ca36b7975d-168083976278c0a293-1": {
          "type": "iconbox",
          "settings": {
            "svg_icon": "<svg width=\"21\" height=\"35\" viewbox=\"0 0 21 35\" fill=\"none\" xmlns=\"http:\/\/www.w3.org\/2000\/svg\">\n                                 <path d=\"M10.3636 1V34\" stroke=\"currentColor\" stroke-width=\"2\" stroke-linecap=\"round\" stroke-linejoin=\"round\"><\/path>\n                                 <path d=\"M17.8636 7H6.61365C5.22126 7 3.8859 7.55312 2.90134 8.53769C1.91677 9.52226 1.36365 10.8576 1.36365 12.25C1.36365 13.6424 1.91677 14.9777 2.90134 15.9623C3.8859 16.9469 5.22126 17.5 6.61365 17.5H14.1136C15.506 17.5 16.8414 18.0531 17.826 19.0377C18.8105 20.0223 19.3636 21.3576 19.3636 22.75C19.3636 24.1424 18.8105 25.4777 17.826 26.4623C16.8414 27.4469 15.506 28 14.1136 28H1.36365\" stroke=\"currentColor\" stroke-width=\"2\" stroke-linecap=\"round\" stroke-linejoin=\"round\"><\/path>\n                              <\/svg>",
            "heading": "Return & Refunf",
            "description": ""
          }
        },
        "template--18508174426409__a33b07e7-4bfe-49be-b75c-f5ca36b7975d-168083976278c0a293-2": {
          "type": "iconbox",
          "settings": {
            "svg_icon": "<svg width=\"31\" height=\"30\" viewbox=\"0 0 31 30\" fill=\"none\" xmlns=\"http:\/\/www.w3.org\/2000\/svg\">\n                                 <mask id=\"mask0_1211_583\" style=\"mask-type:alpha\" maskunits=\"userSpaceOnUse\" x=\"0\" y=\"0\" width=\"31\" height=\"30\">\n                                 <path fill-rule=\"evenodd\" clip-rule=\"evenodd\" d=\"M0 0H30.0024V29.9998H0V0Z\" fill=\"white\"><\/path>\n                                 <\/mask>\n                                 <g mask=\"url(#mask0_1211_583)\">\n                                 <path fill-rule=\"evenodd\" clip-rule=\"evenodd\" d=\"M13.4168 27.1116C14.3017 27.9756 15.7266 27.9651 16.6056 27.0816L17.6885 26.0017C18.5285 25.1632 19.6894 24.6848 20.8728 24.6848H22.4178C23.6687 24.6848 24.6856 23.6678 24.6856 22.4184V20.875C24.6856 19.6736 25.1506 18.5441 25.9995 17.6937L27.0795 16.6122C27.519 16.1713 27.7544 15.5998 27.7529 14.9938C27.7514 14.3894 27.513 13.8209 27.0825 13.3919L26.001 12.309C25.1506 11.4525 24.6856 10.3246 24.6856 9.12318V7.58277C24.6856 6.33184 23.6687 5.3149 22.4178 5.3149H20.8758C19.6744 5.3149 18.545 4.84842 17.6945 4.00397L16.6116 2.91954C15.7101 2.02709 14.2717 2.03159 13.3913 2.91804L12.3128 3.99947C11.4519 4.84992 10.3225 5.3149 9.12553 5.3149H7.58212C6.33269 5.3164 5.31575 6.33334 5.31575 7.58277V9.12018C5.31575 10.3216 4.84927 11.451 4.00332 12.303L2.93839 13.3694C2.92789 13.3814 2.91739 13.3904 2.90689 13.4009C2.02644 14.2874 2.03094 15.7258 2.91739 16.6062L4.00032 17.6892C4.84927 18.5411 5.31575 19.6706 5.31575 20.872V22.4184C5.31575 23.6678 6.33119 24.6848 7.58212 24.6848H9.12253C10.3255 24.6863 11.4549 25.1527 12.3053 26.0002L13.3868 27.0786C13.3958 27.0891 13.4063 27.0996 13.4168 27.1116ZM14.9972 30.0002C13.8468 30.0002 12.6963 29.5652 11.8159 28.6923C11.8039 28.6803 11.7919 28.6683 11.7799 28.6548L10.715 27.5914C10.2905 27.1699 9.72352 26.9359 9.12055 26.9344H7.58164C5.09029 26.9344 3.06541 24.908 3.06541 22.4182V20.8717C3.06541 20.2688 2.82992 19.7033 2.40694 19.2773L1.32851 18.2004C-0.423392 16.4575 -0.444391 13.6197 1.27601 11.8498C1.28951 11.8363 1.30301 11.8228 1.31651 11.8093L2.40844 10.7143C2.82992 10.2899 3.06541 9.72139 3.06541 9.11993V7.58252C3.06541 5.09266 5.09029 3.06628 7.58014 3.06478H9.12505C9.72652 3.06478 10.2935 2.82929 10.724 2.40482L11.7964 1.32938C13.5498 -0.436017 16.4161 -0.445016 18.1845 1.31288L19.281 2.40932C19.7054 2.83079 20.2724 3.06478 20.8754 3.06478H22.4173C24.9086 3.06478 26.935 5.09116 26.935 7.58252V9.12293C26.935 9.72439 27.169 10.2929 27.5935 10.7203L28.6704 11.7988C29.5239 12.6462 29.9978 13.7787 30.0023 14.9861C30.0068 16.1935 29.5404 17.329 28.6899 18.1854L27.5905 19.2818C27.169 19.7063 26.935 20.2718 26.935 20.8747V22.4182C26.935 24.908 24.9086 26.9344 22.4188 26.9344H20.8724C20.2784 26.9344 19.6979 27.1744 19.2765 27.5929L18.1995 28.6698C17.3191 29.5562 16.1581 30.0002 14.9972 30.0002Z\" fill=\"currentColor\"><\/path>\n                                 <\/g>\n                                 <path fill-rule=\"evenodd\" clip-rule=\"evenodd\" d=\"M11.145 19.9811C10.857 19.9811 10.569 19.8716 10.3501 19.6511C9.91058 19.2116 9.91058 18.5006 10.3501 18.0612L18.0596 10.3501C18.4991 9.91064 19.2115 9.91064 19.651 10.3501C20.0905 10.7896 20.0905 11.502 19.651 11.9415L11.94 19.6511C11.721 19.8716 11.433 19.9811 11.145 19.9811Z\" fill=\"currentColor\"><\/path>\n                                 <path fill-rule=\"evenodd\" clip-rule=\"evenodd\" d=\"M18.7544 20.2476C17.925 20.2476 17.247 19.5772 17.247 18.7477C17.247 17.9183 17.9115 17.2478 18.7409 17.2478H18.7544C19.5839 17.2478 20.2543 17.9183 20.2543 18.7477C20.2543 19.5772 19.5839 20.2476 18.7544 20.2476Z\" fill=\"currentColor\"><\/path>\n                                 <path fill-rule=\"evenodd\" clip-rule=\"evenodd\" d=\"M11.2548 12.748C10.4254 12.748 9.74744 12.0775 9.74744 11.2481C9.74744 10.4186 10.4119 9.74817 11.2413 9.74817H11.2548C12.0843 9.74817 12.7548 10.4186 12.7548 11.2481C12.7548 12.0775 12.0843 12.748 11.2548 12.748Z\" fill=\"currentColor\"><\/path>\n                              <\/svg>",
            "heading": "Member Discount",
            "description": ""
          }
        },
        "9725192a-3b8b-4716-b494-2cdedb2128da": {
          "type": "iconbox",
          "settings": {
            "svg_icon": "<svg width=\"31\" height=\"30\" viewbox=\"0 0 31 30\" fill=\"none\" xmlns=\"http:\/\/www.w3.org\/2000\/svg\">\n                                 <path d=\"M1.5 24.3333V15C1.5 11.287 2.975 7.72602 5.60051 5.10051C8.22602 2.475 11.787 1 15.5 1C19.213 1 22.774 2.475 25.3995 5.10051C28.025 7.72602 29.5 11.287 29.5 15V24.3333\" stroke=\"currentColor\" stroke-width=\"2\" stroke-linecap=\"round\" stroke-linejoin=\"round\"><\/path>\n                                 <path d=\"M29.5 25.8889C29.5 26.714 29.1722 27.5053 28.5888 28.0888C28.0053 28.6722 27.214 29 26.3889 29H24.8333C24.0082 29 23.2169 28.6722 22.6335 28.0888C22.05 27.5053 21.7222 26.714 21.7222 25.8889V21.2222C21.7222 20.3971 22.05 19.6058 22.6335 19.0223C23.2169 18.4389 24.0082 18.1111 24.8333 18.1111H29.5V25.8889ZM1.5 25.8889C1.5 26.714 1.82778 27.5053 2.41122 28.0888C2.99467 28.6722 3.78599 29 4.61111 29H6.16667C6.99179 29 7.78311 28.6722 8.36656 28.0888C8.95 27.5053 9.27778 26.714 9.27778 25.8889V21.2222C9.27778 20.3971 8.95 19.6058 8.36656 19.0223C7.78311 18.4389 6.99179 18.1111 6.16667 18.1111H1.5V25.8889Z\" stroke=\"currentColor\" stroke-width=\"2\" stroke-linecap=\"round\" stroke-linejoin=\"round\"><\/path>\n                              <\/svg>",
            "heading": "Support 24\/7",
            "description": ""
          }
        }
      },
      "block_order": [
        "template--18508174426409__a33b07e7-4bfe-49be-b75c-f5ca36b7975d-168083976278c0a293-0",
        "template--18508174426409__a33b07e7-4bfe-49be-b75c-f5ca36b7975d-168083976278c0a293-1",
        "template--18508174426409__a33b07e7-4bfe-49be-b75c-f5ca36b7975d-168083976278c0a293-2",
        "9725192a-3b8b-4716-b494-2cdedb2128da"
      ],
      "settings": {
        "section_style": "style-4",
        "container": "container",
        "padding_top": 26,
        "padding_bottom": 56
      }
    },
    "cta_5_DhCCm8": {
      "type": "cta-5",
      "settings": {
        "heading": "Get the app & get Your Groceries from home",
        "background_color": "#678e61",
        "android_app_subtitle": "Get it on",
        "android_app_title": "Google Play",
        "android_app_url": "",
        "apple_app_subtitle": "Get it on",
        "apple_app_title": "App Store",
        "apple_app_url": "",
        "thumb_image": "shopify:\/\/shop_images\/cta-thumb-1.jpg",
        "shape_image_show": true,
        "shape_image_1": "shopify:\/\/shop_images\/cta-shape-1.png",
        "shape_image_2": "shopify:\/\/shop_images\/cta-shape-2.png"
      }
    }
  },
  "order": [
    "slideshow_5_Dtka7j",
    "collection_list_CGDWtF",
    "collection_tab_fWk4kY",
    "deal_area_r63rBQ",
    "products_list_with_banner_k8W4WR",
    "testimonial_XYKHDL",
    "product_with_banner_2_PnfgBD",
    "a33b07e7-4bfe-49be-b75c-f5ca36b7975d",
    "cta_5_DhCCm8"
  ]
}