{
  "sections": {
    "main": {
      "type": "main-list-collections",
      "blocks": {
        "collection_dzYbpb": {
          "type": "collection",
          "settings": {
            "title_collection": "",
            "collection": "bakery",
            "image": "shopify:\/\/shop_images\/category-main-5.jpg"
          }
        },
        "collection_rH9caU": {
          "type": "collection",
          "settings": {
            "title_collection": "",
            "collection": "fresh-fruits",
            "image": "shopify:\/\/shop_images\/category-main-1.jpg"
          }
        },
        "collection_684hhR": {
          "type": "collection",
          "settings": {
            "title_collection": "",
            "collection": "frozen-foods",
            "image": "shopify:\/\/shop_images\/category-main-3.jpg"
          }
        },
        "collection_iRPQJU": {
          "type": "collection",
          "settings": {
            "title_collection": "",
            "collection": "frontpage",
            "image": "shopify:\/\/shop_images\/category-main-4.jpg"
          }
        },
        "collection_cxPchy": {
          "type": "collection",
          "settings": {
            "title_collection": "",
            "collection": "meat-and-fish",
            "image": "shopify:\/\/shop_images\/category-main-2.jpg"
          }
        },
        "collection_wG8qJx": {
          "type": "collection",
          "settings": {
            "title_collection": "",
            "collection": "vegetables",
            "image": "shopify:\/\/shop_images\/category-main-6.jpg"
          }
        }
      },
      "block_order": [
        "collection_dzYbpb",
        "collection_rH9caU",
        "collection_684hhR",
        "collection_iRPQJU",
        "collection_cxPchy",
        "collection_wG8qJx"
      ],
      "settings": {
        "container": "container",
        "title": "All Collections"
      }
    }
  },
  "order": [
    "main"
  ]
}