{
  "sections": {
    "main": {
      "type": "page-about",
      "settings": {
      }
    },
    "ce9234d5-6cd4-465a-85fd-01377e10f037": {
      "type": "banner-with-text",
      "blocks": {
        "babde14e-f9b5-464b-9c85-58b12c9cf7d3": {
          "type": "text",
          "settings": {
            "txt_content": "<p>Our Mission<\/p>",
            "txt_color": "#999999",
            "txt_fs": 12,
            "txt_fw": 500,
            "txt_tf": "uppercase",
            "txt_mt": 1,
            "txt_mb": 5
          }
        },
        "template--16584037925111__ce9234d5-6cd4-465a-85fd-01377e10f037-1665563953d6e64dbe-0": {
          "type": "heading",
          "settings": {
            "title": "Story About Us",
            "heading_color": "#111111",
            "heading_fs": 40,
            "heading_fw": 400,
            "heading_tf": "unset",
            "heading_mt": 0,
            "heading_mb": 15
          }
        },
        "template--16584037925111__ce9234d5-6cd4-465a-85fd-01377e10f037-1665563953d6e64dbe-1": {
          "type": "text",
          "settings": {
            "txt_content": "<p>We have crafted thousands of manufacturing processes, strategy that allows us to understand our customers like never before. We are present up to this point due to the trust and appreciation of our customers. <\/p>",
            "txt_color": "",
            "txt_fs": 16,
            "txt_fw": 400,
            "txt_tf": "unset",
            "txt_mt": 1,
            "txt_mb": 20
          }
        },
        "53ab94f5-0edc-4a2f-9398-f7520031b381": {
          "type": "text",
          "settings": {
            "txt_content": "<p>To help stem the flow of plastic into the ocean, we have committed to eliminating single-use plastic from th product range and food outlets by 2023.<\/p>",
            "txt_color": "",
            "txt_fs": 16,
            "txt_fw": 400,
            "txt_tf": "unset",
            "txt_mt": 1,
            "txt_mb": 1
          }
        }
      },
      "block_order": [
        "babde14e-f9b5-464b-9c85-58b12c9cf7d3",
        "template--16584037925111__ce9234d5-6cd4-465a-85fd-01377e10f037-1665563953d6e64dbe-0",
        "template--16584037925111__ce9234d5-6cd4-465a-85fd-01377e10f037-1665563953d6e64dbe-1",
        "53ab94f5-0edc-4a2f-9398-f7520031b381"
      ],
      "settings": {
        "container": "container",
        "background_color": "#f5f5f5",
        "banner_type": "image",
        "image": "shopify:\/\/shop_images\/about-banner.png",
        "video_options": "local",
        "video_url": "https:\/\/www.youtube.com\/watch?v=_9VUPq3SxOc",
        "link": "",
        "hover_effect": "none",
        "bn_design": "text_column",
        "banner_height": "depend-image",
        "height_dk": 800,
        "height_tb": 600,
        "height_mb": 360,
        "content_box": "content_in_container",
        "text_bellow_mobile": false,
        "img_position": "right",
        "banner_width": "col-md-6",
        "column_gap": 40,
        "text_horizontal_position": "left",
        "text_position": "center",
        "text_align": "text-left",
        "content_width": 100,
        "content_bg_color": "",
        "bg_opacity": 100,
        "eb_scrolling": false,
        "s_text_color": "#111111",
        "s_text_font_size": 80,
        "s_text_font_weight": 600,
        "text_time": 10,
        "text_spacing": 50,
        "padding_top": 100,
        "padding_bottom": 60,
        "reset_spacing": false
      }
    },
    "de27bbae-8b57-4758-bfe7-5ac9b1179505": {
      "type": "custom-text",
      "blocks": {
        "template--16584037925111__de27bbae-8b57-4758-bfe7-5ac9b1179505-1665713233cd3512b4-0": {
          "type": "sub_heading",
          "settings": {
            "sub_heading": "<p>Why Choose Us<\/p>",
            "sub_color": "#999999",
            "sub_fs": 12,
            "sub_fw": 500,
            "sub_tf": "uppercase",
            "sub_mt": 0,
            "sub_mb": 0
          }
        },
        "template--16584037925111__de27bbae-8b57-4758-bfe7-5ac9b1179505-1665713233cd3512b4-1": {
          "type": "heading",
          "settings": {
            "heading": "Our Unique Things",
            "heading_color": "#111111",
            "heading_fs": 40,
            "heading_fw": 400,
            "heading_tf": "unset",
            "heading_mt": 0,
            "heading_mb": 10
          }
        },
        "template--16584037925111__de27bbae-8b57-4758-bfe7-5ac9b1179505-1665713233cd3512b4-2": {
          "type": "desc",
          "settings": {
            "desc": "<p>Class aptent taciti sociosqu ad litora torquent per conubia nostra per inceptos vel pretium<\/p>",
            "desc_color": "#555555",
            "desc_fs": 16,
            "desc_fw": 400,
            "content_width": 100,
            "desc_tf": "unset",
            "desc_mt": 0,
            "desc_mb": 0
          }
        },
        "182f37f5-6a43-491b-96b0-b064a7a24418": {
          "type": "desc",
          "settings": {
            "desc": "<p> lectus qua. Nunc id cursus metus ididunt ut labore metus episcing.<\/p>",
            "desc_color": "#555555",
            "desc_fs": 16,
            "desc_fw": 400,
            "content_width": 100,
            "desc_tf": "unset",
            "desc_mt": 0,
            "desc_mb": 0
          }
        }
      },
      "block_order": [
        "template--16584037925111__de27bbae-8b57-4758-bfe7-5ac9b1179505-1665713233cd3512b4-0",
        "template--16584037925111__de27bbae-8b57-4758-bfe7-5ac9b1179505-1665713233cd3512b4-1",
        "template--16584037925111__de27bbae-8b57-4758-bfe7-5ac9b1179505-1665713233cd3512b4-2",
        "182f37f5-6a43-491b-96b0-b064a7a24418"
      ],
      "settings": {
        "container": "container",
        "text_align": "text-center",
        "bg_color": "",
        "custom_class": "",
        "padding_top": 0,
        "padding_bottom": 0,
        "reset_spacing": true
      }
    },
    "75a2bab7-280b-45ab-bb79-213765e91dbc": {
      "type": "banner-image",
      "blocks": {
        "template--16584037925111__75a2bab7-280b-45ab-bb79-213765e91dbc-166556395381b5ea4f-0": {
          "type": "image_banner",
          "settings": {
            "banner_width": "4",
            "image": "shopify:\/\/shop_images\/banner-about.png",
            "link": "",
            "text_size": "large",
            "h_text_weight": 400,
            "title": "",
            "subtext": "Unique for Women’s",
            "button_type": "link",
            "btn_content": "",
            "open_link": "_blank"
          }
        },
        "template--16584037925111__75a2bab7-280b-45ab-bb79-213765e91dbc-166556395381b5ea4f-1": {
          "type": "image_banner",
          "settings": {
            "banner_width": "4",
            "image": "shopify:\/\/shop_images\/banner-about-2.png",
            "link": "",
            "text_size": "large",
            "h_text_weight": 400,
            "title": "",
            "subtext": "Elegant for Men’s",
            "button_type": "primary",
            "btn_content": "",
            "open_link": "_blank"
          }
        },
        "3b05d3c8-67d9-4dc9-95bd-ecc9facfdd8b": {
          "type": "image_banner",
          "settings": {
            "banner_width": "4",
            "image": "shopify:\/\/shop_images\/banner-about.png",
            "link": "",
            "text_size": "large",
            "h_text_weight": 400,
            "title": "",
            "subtext": "Freedom for Everyone",
            "button_type": "primary",
            "btn_content": "",
            "open_link": "_blank"
          }
        }
      },
      "block_order": [
        "template--16584037925111__75a2bab7-280b-45ab-bb79-213765e91dbc-166556395381b5ea4f-0",
        "template--16584037925111__75a2bab7-280b-45ab-bb79-213765e91dbc-166556395381b5ea4f-1",
        "3b05d3c8-67d9-4dc9-95bd-ecc9facfdd8b"
      ],
      "settings": {
        "show_heading_header": false,
        "heading": "Title",
        "description": "<p><\/p>",
        "text_alignment": "text-center",
        "container": "container",
        "banner_background_color": "",
        "hover_effect": "none",
        "design_banner": "text-below-image",
        "design_content": "default",
        "text_position": "bottom",
        "text_align": "text-left",
        "image_style": "default",
        "content_on_mobile": false,
        "column_gap": 30,
        "padding_top": 0,
        "padding_bottom": 0,
        "reset_spacing": false
      }
    },
    "2dc0f1df-4f5b-4b3c-869a-2e69745ae766": {
      "type": "custom-text",
      "blocks": {
        "template--16584037925111__2dc0f1df-4f5b-4b3c-869a-2e69745ae766-16667479252899c4f1-2": {
          "type": "desc",
          "settings": {
            "desc": "<p>“ Umino will become an example of the responsible business model by doing business<\/p>",
            "desc_color": "#ffdb77",
            "desc_fs": 20,
            "desc_fw": 400,
            "content_width": 100,
            "desc_tf": "unset",
            "desc_mt": 0,
            "desc_mb": 0
          }
        },
        "a7729639-85be-4c47-a122-0a9b5481e9f2": {
          "type": "desc",
          "settings": {
            "desc": "<p>with kindness, profit and bringing practical and long-term values to customers, employees,<\/p>",
            "desc_color": "#ffdb77",
            "desc_fs": 20,
            "desc_fw": 400,
            "content_width": 100,
            "desc_tf": "unset",
            "desc_mt": 0,
            "desc_mb": 0
          }
        },
        "a1a3c57a-7dfe-4c13-bb19-d22d3166f94c": {
          "type": "desc",
          "settings": {
            "desc": "<p> partners, the community for the environment and for shareholders ”<\/p>",
            "desc_color": "#ffdb77",
            "desc_fs": 20,
            "desc_fw": 400,
            "content_width": 100,
            "desc_tf": "unset",
            "desc_mt": 0,
            "desc_mb": 20
          }
        },
        "b0e61b32-183d-4465-971b-d860a9f66a1b": {
          "type": "desc",
          "settings": {
            "desc": "<p>Michael Anthony, CEO & Founder Umino<\/p>",
            "desc_color": "#ffffff",
            "desc_fs": 14,
            "desc_fw": 400,
            "content_width": 100,
            "desc_tf": "unset",
            "desc_mt": 0,
            "desc_mb": 0
          }
        }
      },
      "block_order": [
        "template--16584037925111__2dc0f1df-4f5b-4b3c-869a-2e69745ae766-16667479252899c4f1-2",
        "a7729639-85be-4c47-a122-0a9b5481e9f2",
        "a1a3c57a-7dfe-4c13-bb19-d22d3166f94c",
        "b0e61b32-183d-4465-971b-d860a9f66a1b"
      ],
      "settings": {
        "container": "container",
        "text_align": "text-center",
        "bg_color": "#303e39",
        "custom_class": "",
        "padding_top": 70,
        "padding_bottom": 24,
        "reset_spacing": false
      }
    },
    "26c21a87-4e2f-4f70-a443-ad63d4341ac2": {
      "type": "banner-with-text",
      "blocks": {
        "7037bd9d-7ccb-4b05-b7b9-0a3b718156b1": {
          "type": "text",
          "settings": {
            "txt_content": "<p>OUR FACTORIES<\/p>",
            "txt_color": "#999999",
            "txt_fs": 12,
            "txt_fw": 500,
            "txt_tf": "unset",
            "txt_mt": 1,
            "txt_mb": 5
          }
        },
        "template--16584037925111__26c21a87-4e2f-4f70-a443-ad63d4341ac2-16655668072faff6b4-0": {
          "type": "heading",
          "settings": {
            "title": "The Best Product",
            "heading_color": "#111111",
            "heading_fs": 40,
            "heading_fw": 400,
            "heading_tf": "unset",
            "heading_mt": 0,
            "heading_mb": 15
          }
        },
        "template--16584037925111__26c21a87-4e2f-4f70-a443-ad63d4341ac2-16655668072faff6b4-1": {
          "type": "text",
          "settings": {
            "txt_content": "<p>We spend months finding the best factories around the world—the same ones that produce your favorite designer labels. We visit them often and build strong personal relationships with the owners. Each factory is given a compliance audit to evaluate factors like fair wages.<\/p>",
            "txt_color": "",
            "txt_fs": 16,
            "txt_fw": 400,
            "txt_tf": "unset",
            "txt_mt": 1,
            "txt_mb": 15
          }
        }
      },
      "block_order": [
        "7037bd9d-7ccb-4b05-b7b9-0a3b718156b1",
        "template--16584037925111__26c21a87-4e2f-4f70-a443-ad63d4341ac2-16655668072faff6b4-0",
        "template--16584037925111__26c21a87-4e2f-4f70-a443-ad63d4341ac2-16655668072faff6b4-1"
      ],
      "settings": {
        "container": "container",
        "background_color": "",
        "banner_type": "image",
        "image": "shopify:\/\/shop_images\/about-1.png",
        "video_options": "local",
        "video_url": "https:\/\/www.youtube.com\/watch?v=_9VUPq3SxOc",
        "link": "shopify:\/\/pages\/about-us",
        "hover_effect": "none",
        "bn_design": "text_column",
        "banner_height": "depend-image",
        "height_dk": 800,
        "height_tb": 600,
        "height_mb": 360,
        "content_box": "content_in_container",
        "text_bellow_mobile": false,
        "img_position": "left",
        "banner_width": "col-md-6",
        "column_gap": 50,
        "text_horizontal_position": "left",
        "text_position": "center",
        "text_align": "text-center",
        "content_width": 100,
        "content_bg_color": "",
        "bg_opacity": 100,
        "eb_scrolling": false,
        "s_text_color": "#111111",
        "s_text_font_size": 80,
        "s_text_font_weight": 600,
        "text_time": 10,
        "text_spacing": 50,
        "padding_top": 0,
        "padding_bottom": 0,
        "reset_spacing": false
      }
    },
    "c3ebe82c-835b-4f82-b2f6-b38befcf6797": {
      "type": "banner-with-text",
      "blocks": {
        "53472d49-ff77-4644-b112-81f458396685": {
          "type": "text",
          "settings": {
            "txt_content": "<p>OUR QUALITY<\/p>",
            "txt_color": "#999999",
            "txt_fs": 12,
            "txt_fw": 500,
            "txt_tf": "unset",
            "txt_mt": 1,
            "txt_mb": 5
          }
        },
        "template--16584037925111__c3ebe82c-835b-4f82-b2f6-b38befcf6797-16655668072faff6b4-0": {
          "type": "heading",
          "settings": {
            "title": "Timeless Products",
            "heading_color": "#111111",
            "heading_fs": 40,
            "heading_fw": 400,
            "heading_tf": "unset",
            "heading_mt": 0,
            "heading_mb": 15
          }
        },
        "template--16584037925111__c3ebe82c-835b-4f82-b2f6-b38befcf6797-16655668072faff6b4-1": {
          "type": "text",
          "settings": {
            "txt_content": "<p>At Umino, we’re not big on trends. We want you to wear our pieces for years, even decades, to come. That’s why we source the finest materials and factories for our timeless products— like our Grade-A cashmere sweaters, Italian shoes, and Peruvian Pima tees.<\/p>",
            "txt_color": "",
            "txt_fs": 16,
            "txt_fw": 400,
            "txt_tf": "unset",
            "txt_mt": 1,
            "txt_mb": 15
          }
        }
      },
      "block_order": [
        "53472d49-ff77-4644-b112-81f458396685",
        "template--16584037925111__c3ebe82c-835b-4f82-b2f6-b38befcf6797-16655668072faff6b4-0",
        "template--16584037925111__c3ebe82c-835b-4f82-b2f6-b38befcf6797-16655668072faff6b4-1"
      ],
      "settings": {
        "container": "container",
        "background_color": "",
        "banner_type": "image",
        "image": "shopify:\/\/shop_images\/about-2.png",
        "video_options": "local",
        "video_url": "https:\/\/www.youtube.com\/watch?v=_9VUPq3SxOc",
        "link": "shopify:\/\/pages\/about-us",
        "hover_effect": "none",
        "bn_design": "text_column",
        "banner_height": "depend-image",
        "height_dk": 800,
        "height_tb": 600,
        "height_mb": 360,
        "content_box": "content_in_container",
        "text_bellow_mobile": false,
        "img_position": "right",
        "banner_width": "col-md-6",
        "column_gap": 50,
        "text_horizontal_position": "left",
        "text_position": "center",
        "text_align": "text-center",
        "content_width": 100,
        "content_bg_color": "",
        "bg_opacity": 100,
        "eb_scrolling": false,
        "s_text_color": "#111111",
        "s_text_font_size": 80,
        "s_text_font_weight": 600,
        "text_time": 10,
        "text_spacing": 50,
        "padding_top": 0,
        "padding_bottom": 0,
        "reset_spacing": false
      }
    },
    "bade50e4-4785-43a3-b8a7-6104eaba6db6": {
      "type": "banner-with-text",
      "blocks": {
        "814c06a1-ed35-4980-b197-4c0a87f623b7": {
          "type": "text",
          "settings": {
            "txt_content": "<p>RULE THE WAVES<\/p>",
            "txt_color": "#fafafa",
            "txt_fs": 12,
            "txt_fw": 500,
            "txt_tf": "uppercase",
            "txt_mt": 1,
            "txt_mb": 5
          }
        },
        "template--16584037925111__bade50e4-4785-43a3-b8a7-6104eaba6db6-16655668072faff6b4-0": {
          "type": "heading",
          "settings": {
            "title": "Autumn Lookbook",
            "heading_color": "#fafafa",
            "heading_fs": 40,
            "heading_fw": 600,
            "heading_tf": "uppercase",
            "heading_mt": 0,
            "heading_mb": 15
          }
        },
        "template--16584037925111__bade50e4-4785-43a3-b8a7-6104eaba6db6-16655668072faff6b4-1": {
          "type": "text",
          "settings": {
            "txt_content": "<p>Our latest fall and winter collection.<\/p>",
            "txt_color": "#ffffff",
            "txt_fs": 16,
            "txt_fw": 400,
            "txt_tf": "unset",
            "txt_mt": 1,
            "txt_mb": 1
          }
        }
      },
      "block_order": [
        "814c06a1-ed35-4980-b197-4c0a87f623b7",
        "template--16584037925111__bade50e4-4785-43a3-b8a7-6104eaba6db6-16655668072faff6b4-0",
        "template--16584037925111__bade50e4-4785-43a3-b8a7-6104eaba6db6-16655668072faff6b4-1"
      ],
      "settings": {
        "container": "container",
        "background_color": "",
        "banner_type": "image",
        "image": "shopify:\/\/shop_images\/about-banner-box-7.jpg",
        "video_options": "local",
        "video_url": "https:\/\/www.youtube.com\/watch?v=_9VUPq3SxOc",
        "link": "",
        "hover_effect": "none",
        "bn_design": "text_overlay",
        "banner_height": "depend-image",
        "height_dk": 800,
        "height_tb": 600,
        "height_mb": 360,
        "content_box": "content_in_container",
        "text_bellow_mobile": false,
        "img_position": "left",
        "banner_width": "col-md-9",
        "column_gap": 30,
        "text_horizontal_position": "left",
        "text_position": "center",
        "text_align": "text-center",
        "content_width": 100,
        "content_bg_color": "",
        "bg_opacity": 100,
        "eb_scrolling": false,
        "s_text_color": "#111111",
        "s_text_font_size": 80,
        "s_text_font_weight": 600,
        "text_time": 10,
        "text_spacing": 50,
        "padding_top": 0,
        "padding_bottom": 0,
        "reset_spacing": false
      }
    },
    "7a500f32-66ee-4636-930e-075ba6749c58": {
      "type": "gallery",
      "blocks": {
        "template--16584037925111__7a500f32-66ee-4636-930e-075ba6749c58-16656668627386665d-0": {
          "type": "image",
          "settings": {
            "image": "shopify:\/\/shop_images\/brand1.png",
            "link": ""
          }
        },
        "template--16584037925111__7a500f32-66ee-4636-930e-075ba6749c58-16656668627386665d-1": {
          "type": "image",
          "settings": {
            "image": "shopify:\/\/shop_images\/brand2.png",
            "link": ""
          }
        },
        "template--16584037925111__7a500f32-66ee-4636-930e-075ba6749c58-16656668627386665d-2": {
          "type": "image",
          "settings": {
            "image": "shopify:\/\/shop_images\/brand3.png",
            "link": ""
          }
        },
        "template--16584037925111__7a500f32-66ee-4636-930e-075ba6749c58-16656668627386665d-3": {
          "type": "image",
          "settings": {
            "image": "shopify:\/\/shop_images\/brand4.png",
            "link": ""
          }
        },
        "template--16584037925111__7a500f32-66ee-4636-930e-075ba6749c58-16656668627386665d-4": {
          "type": "image",
          "settings": {
            "image": "shopify:\/\/shop_images\/brand5.png",
            "link": ""
          }
        },
        "template--16584037925111__7a500f32-66ee-4636-930e-075ba6749c58-16656668627386665d-5": {
          "type": "image",
          "settings": {
            "image": "shopify:\/\/shop_images\/brand6.png",
            "link": ""
          }
        }
      },
      "block_order": [
        "template--16584037925111__7a500f32-66ee-4636-930e-075ba6749c58-16656668627386665d-0",
        "template--16584037925111__7a500f32-66ee-4636-930e-075ba6749c58-16656668627386665d-1",
        "template--16584037925111__7a500f32-66ee-4636-930e-075ba6749c58-16656668627386665d-2",
        "template--16584037925111__7a500f32-66ee-4636-930e-075ba6749c58-16656668627386665d-3",
        "template--16584037925111__7a500f32-66ee-4636-930e-075ba6749c58-16656668627386665d-4",
        "template--16584037925111__7a500f32-66ee-4636-930e-075ba6749c58-16656668627386665d-5"
      ],
      "settings": {
        "heading": "",
        "description": "",
        "text_align": "text-center",
        "container": "container",
        "background_color": "",
        "layout_type": "carousel",
        "column_gap": 0,
        "aspect_ratio": "custom",
        "custom_ratio": "35:10",
        "actions_click": "unset",
        "custom_column": 3,
        "grid_image_desktop": 6,
        "autoplay": false,
        "loop": false,
        "show_arrow": false,
        "show_bullet": false,
        "show_bullet_mobile": true,
        "padding_top": 0,
        "padding_bottom": 0,
        "reset_spacing": true
      }
    }
  },
  "order": [
    "main",
    "ce9234d5-6cd4-465a-85fd-01377e10f037",
    "de27bbae-8b57-4758-bfe7-5ac9b1179505",
    "75a2bab7-280b-45ab-bb79-213765e91dbc",
    "2dc0f1df-4f5b-4b3c-869a-2e69745ae766",
    "26c21a87-4e2f-4f70-a443-ad63d4341ac2",
    "c3ebe82c-835b-4f82-b2f6-b38befcf6797",
    "bade50e4-4785-43a3-b8a7-6104eaba6db6",
    "7a500f32-66ee-4636-930e-075ba6749c58"
  ]
}