{
  "sections": {
    "breadcrumb": {
      "type": "breadcrumb",
      "settings": {
        "layout": "container",
        "bg_color": "",
        "color": "",
        "postion": "text-left"
      }
    },
    "main": {
      "type": "main-product",
      "blocks": {
        "4fb992c4-abd8-4a65-a790-09cd83721e45": {
          "type": "product_label",
          "settings": {
          }
        },
        "82f7102f-e1b6-4eb3-89b7-ee189edc5f76": {
          "type": "product_title",
          "settings": {
            "color": "#111111",
            "font_size": 30
          }
        },
        "7d760b32-e8e4-42d9-8998-91d6fb23aaef": {
          "type": "product_price",
          "settings": {
          }
        },
        "dbd063d5-9b87-45d4-9984-deb077fa0e85": {
          "type": "short_description",
          "settings": {
            "length": 31
          }
        },
        "39f14f5e-3cc5-4645-a921-f071b109d244": {
          "type": "countdown_timer",
          "settings": {
            "show_countdown_timer": true,
            "message": "Hurry Up! Sale ends in:"
          }
        },
        "3870a5bb-fec0-4b82-9405-e324077ed947": {
          "type": "product_swatch",
          "settings": {
          }
        },
        "062f7cd6-1265-4c29-a22c-e2bbebc5f2b6": {
          "type": "product_addons",
          "disabled": true,
          "settings": {
            "size_chart": "2",
            "type_size_chart": "1",
            "page": "size-guide",
            "text": "",
            "show_compare_color": true,
            "show_share": true
          }
        },
        "37f20969-8bae-47ff-89e1-b0be3169e19a": {
          "type": "product_form",
          "settings": {
            "button_animation": "flash-move",
            "show_buy_now": true,
            "show_gift_card_recipient": true
          }
        },
        "e3c98e10-4e94-4a55-bf4e-364e68cbe829": {
          "type": "trust_badge",
          "settings": {
            "heading": "<p>Guarantee Safe Checkout<\/p>"
          }
        },
        "578e8a34-32a9-4dfb-96b1-9f2aa21a104f": {
          "type": "product_meta",
          "settings": {
            "show_vendors": true,
            "show_available": true,
            "show_sku": true,
            "show_category": true,
            "show_tag": true,
            "show_barcode": false,
            "show_type": true,
            "show_collection": true
          }
        }
      },
      "block_order": [
        "4fb992c4-abd8-4a65-a790-09cd83721e45",
        "82f7102f-e1b6-4eb3-89b7-ee189edc5f76",
        "7d760b32-e8e4-42d9-8998-91d6fb23aaef",
        "dbd063d5-9b87-45d4-9984-deb077fa0e85",
        "39f14f5e-3cc5-4645-a921-f071b109d244",
        "3870a5bb-fec0-4b82-9405-e324077ed947",
        "062f7cd6-1265-4c29-a22c-e2bbebc5f2b6",
        "37f20969-8bae-47ff-89e1-b0be3169e19a",
        "e3c98e10-4e94-4a55-bf4e-364e68cbe829",
        "578e8a34-32a9-4dfb-96b1-9f2aa21a104f"
      ],
      "settings": {
        "layout": "container",
        "design": "thumbnails-left",
        "sticky_product_information": true,
        "image_action": "show_zoom_button",
        "zoom_type": "inner-1",
        "enable_video_looping": false,
        "thumbnails_mobile": "1",
        "use_variants_group": false,
        "swatch_size": "medium",
        "bought_together": true,
        "sticky": true,
        "sticky_mode": "2"
      }
    },
    "information-tabs": {
      "type": "product-information-tabs",
      "blocks": {
        "5ff6a4f5-c591-4a3f-bb68-b1efa1c91ab5": {
          "type": "description",
          "settings": {
            "title": "Description"
          }
        },
        "judge_me_reviews_review_widget_ij8e9J": {
          "type": "shopify:\/\/apps\/judge-me-reviews\/blocks\/review_widget\/61ccd3b1-a9f2-4160-9fe9-4fec8413e5d8",
          "settings": {
          }
        }
      },
      "block_order": [
        "5ff6a4f5-c591-4a3f-bb68-b1efa1c91ab5",
        "judge_me_reviews_review_widget_ij8e9J"
      ],
      "settings": {
        "layout": "container",
        "bg_color": "",
        "design": "tab",
        "position": "1",
        "open_first_tab": true,
        "custom_class": "",
        "reset_spacing": false
      }
    }
  },
  "order": [
    "breadcrumb",
    "main",
    "information-tabs"
  ]
}