[
  {
    "name": "theme_info",
    "theme_name": "Shofy",
    "theme_version": "1.0.0",
    "theme_author": "Theme Pure",
    "theme_documentation_url": "https:\/\/wp.hixstudio.net\/printx\/docs\/",
    "theme_support_url": "https:\/\/help.themepure.net\/"
  },
  {
    "name": "Logo and Favicon",
    "settings": [
      {
        "type": "header",
        "content": "Favicon"
      },
      {
        "type": "image_picker",
        "id": "favicon",
        "label": "Image favicon",
        "info": "Will be scaled down to 32 x 32px"
      },
      {
        "type": "header",
        "content": "Logo"
      },
      {
        "type": "image_picker",
        "id": "logo_image_1",
        "label": "Default logo",
        "info": "Upload image: png, jpg or gif file (90 x 20px recommended)"
      },
      {
        "type": "image_picker",
        "id": "dark_logo",
        "label": "Dark logo",
        "info": "Upload image: png, jpg or gif file (90 x 20px recommended)"
      },
      {
        "type": "header",
        "content": "Logo width"
      },
      {
        "type": "range",
        "id": "logo_width",
        "label": "Logo width",
        "min": 50,
        "max": 350,
        "step": 5,
        "unit": "px",
        "default": 150
      }
    ]
  },
  {
    "name": "General",
    "settings": [
      {
        "type": "header",
        "content": "Meta keywords for homepage(SEO)"
      },
      {
        "type": "textarea",
        "id": "home_keywords",
        "label": "Keywords for homepage"
      },
      {
        "type": "header",
        "content": "Right to left"
      },
      {
        "type": "checkbox",
        "id": "rtl",
        "label": "Enable RTL",
        "default": false
      },
      {
        "type": "textarea",
        "id": "language_rtl",
        "label": "ISO language code support RTL",
        "info": "Leave blank if you want to apply to all languages. Separate your ISO codes if you want apply to some one languages ar; fa; ku; pa; sd"
      },
      {
        "type": "header",
        "content": "Animations"
      },
      {
        "type": "header",
        "content": "Store information"
      },
      {
        "type": "text",
        "id": "store_phone",
        "label": "Phone"
      },
      {
        "type": "text",
        "id": "store_email",
        "label": "Email"
      },
      {
        "type": "text",
        "id": "store_address",
        "label": "Address"
      },
      {
        "type": "page",
        "id": "link_store_page",
        "label": "Sellect find a store page"
      },
      {
        "type": "text",
        "id": "label_location",
        "label": "Location label"
      },
      {
        "type": "header",
        "content": "Social media"
      },
      {
        "type": "text",
        "id": "social_twitter_link",
        "label": "Twitter",
        "info": "https:\/\/twitter.com\/shopify"
      },
      {
        "type": "text",
        "id": "social_facebook_link",
        "label": "Facebook",
        "info": "https:\/\/facebook.com\/shopify"
      },
      {
        "type": "text",
        "id": "social_pinterest_link",
        "label": "Pinterest",
        "info": "https:\/\/pinterest.com\/shopify"
      },
      {
        "type": "text",
        "id": "social_instagram_link",
        "label": "Instagram",
        "info": "http:\/\/instagram.com\/shopify"
      },
      {
        "type": "text",
        "id": "social_youtube_link",
        "label": "YouTube",
        "info": "https:\/\/www.youtube.com\/shopify"
      },
      {
        "type": "text",
        "id": "social_vimeo_link",
        "label": "Vimeo",
        "info": "https:\/\/vimeo.com\/shopify"
      }
    ]
  },
  {
    "name": "Loading",
    "settings": [
      {
        "type": "image_picker",
        "id": "loading_image",
        "info": "Upload image: png, jpg or gif file",
        "label": "Loading image"
      },
      {
        "type": "text",
        "id": "loading_title",
        "label": "Loading title",
        "default": "Shofy"
      },
      {
        "type": "text",
        "id": "loading_subtitle",
        "label": "Loading subtitle",
        "default": "Loading"
      }
    ]
  },
  {
    "name": "Header",
    "settings": [
      {
        "type": "header",
        "content": "General"
      },
      {
        "type": "select",
        "id": "header_layout",
        "label": "Header layout",
        "default": "header_layout_1",
        "options": [
          {
            "value": "header_layout_1",
            "label": "Header 1"
          },
          {
            "value": "header_layout_2",
            "label": "Header 2"
          },
          {
            "value": "header_layout_3",
            "label": "Header 3"
          },
          {
            "value": "header_layout_4",
            "label": "Header 4"
          },
          {
            "value": "header_layout_5",
            "label": "Header 5"
          },
          {
            "value": "header_layout_6",
            "label": "Header 6"
          }
        ]
      },
      {
        "type": "select",
        "id": "container",
        "label": "Layout",
        "default": "container",
        "options": [
          {
            "value": "container",
            "label": "Default"
          },
          {
            "value": "container-fluid",
            "label": "Fluid container"
          },
          {
            "value": "full-width",
            "label": "Full width"
          }
        ]
      },
      {
        "type": "header",
        "content": "Header color"
      },
      {
        "type": "color",
        "id": "header_background_color",
        "label": "Background color",
        "default": "#ffffff"
      },
      {
        "type": "color",
        "id": "header_border_color",
        "label": "Border color",
        "default": "#ebebeb"
      },
      {
        "type": "header",
        "content": "Addons"
      },
      {
        "type": "link_list",
        "id": "header_search_links",
        "label": "Search links",
        "info": "Add links to show in search dropdown"
      },
      {
        "type": "checkbox",
        "id": "show_my_account",
        "label": "Show account",
        "default": true
      },
      {
        "type": "checkbox",
        "id": "show_minicart",
        "label": "Show mini cart",
        "default": true
      },
      {
        "type": "checkbox",
        "id": "show_compare_icon",
        "label": "Show Compare",
        "default": true
      },
      {
        "type": "checkbox",
        "id": "show_wishlist_icon",
        "label": "Show wishlist",
        "default": true
      },
      {
        "type": "checkbox",
        "id": "show_top_search",
        "label": "Show search",
        "default": true
      },
      {
        "type": "checkbox",
        "id": "show_recently_viewed",
        "label": "Show recently viewed",
        "default": true
      },
      {
        "type": "checkbox",
        "id": "show_country",
        "label": "Show country",
        "default": true
      },
      {
        "type": "checkbox",
        "id": "show_language",
        "label": "Show language",
        "default": true
      },
      {
        "type": "textarea",
        "id": "phone_svg",
        "label": "Phone SVG",
        "info": "Paste SVG code"
      },
      {
        "type": "text",
        "id": "contact_number",
        "label": "Contact number",
        "default": "+(402)-763-282-46"
      }
    ]
  },
  {
    "name": "Footer",
    "settings": [
      {
        "type": "select",
        "id": "footer_layout",
        "label": "Footer layout",
        "default": "footer-1",
        "options": [
          {
            "value": "footer-1",
            "label": "Layout 1"
          },
          {
            "value": "footer-2",
            "label": "Layout 2"
          },
          {
            "value": "footer-3",
            "label": "Layout 3"
          },
          {
            "value": "footer-4",
            "label": "Layout 4"
          }
        ]
      }
    ]
  },
  {
    "name": "Product",
    "settings": [
      {
        "type": "header",
        "content": "General"
      },
      {
        "type": "checkbox",
        "id": "show_quick_view",
        "label": "Show button \"Quick view\"",
        "default": true
      },
      {
        "type": "checkbox",
        "id": "show_add_to_cart",
        "label": "Show button \"Add to cart\"",
        "default": true
      },
      {
        "type": "checkbox",
        "id": "show_wishlist",
        "label": "Show button \"Add to wishlist\"",
        "default": true
      },
      {
        "type": "checkbox",
        "id": "show_compare",
        "label": "Show button \"Add to compare\"",
        "default": true
      },
      {
        "type": "checkbox",
        "id": "show_review",
        "label": "Show product reviews",
        "default": true
      },
      {
        "type": "checkbox",
        "id": "show_product_type",
        "label": "Show product type",
        "default": false
      },
      {
        "type": "checkbox",
        "id": "enable_hover_image",
        "label": "Show second image on hover",
        "default": true
      },
      {
        "type": "checkbox",
        "id": "content_center",
        "label": "Content center",
        "default": false
      },
      {
        "type": "checkbox",
        "id": "show_vendors",
        "label": "Show product vendors",
        "default": false
      },
      {
        "type": "select",
        "id": "product_style",
        "label": "Product style",
        "default": "tps__product-style-1",
        "options": [
          {
            "value": "tps__product-style-1",
            "label": "Style 1"
          },
          {
            "value": "tps__product-style-2",
            "label": "Style 2"
          },
          {
            "value": "tps__product-style-3",
            "label": "Style 3"
          },
          {
            "value": "tps__product-style-4",
            "label": "Style 4"
          }
        ]
      },
      {
        "type": "checkbox",
        "id": "use_stock_notify",
        "label": "Use Stock notification form",
        "info": "If you use the stock notification form, when a product is out of stock, this function will appear and when the user registers, an email notification will be sent to your email store. To view or change your email store from your Shopify admin, click Settings, then click Store details.",
        "default": true
      },
      {
        "type": "header",
        "content": "Mobile"
      },
      {
        "type": "checkbox",
        "id": "show_product_action_on_mobile",
        "label": "Show product action on mobile",
        "info": "Show actions like: add cart, wishlist on mobile",
        "default": false
      },
      {
        "type": "header",
        "content": "Product image"
      },
      {
        "type": "select",
        "id": "product_images_style",
        "label": "Images style",
        "default": "square",
        "options": [
          {
            "value": "square",
            "label": "Square"
          },
          {
            "value": "radius",
            "label": "Radius"
          }
        ]
      },
      {
        "type": "select",
        "id": "product_aspect_ratio",
        "label": "Aspect Ratio",
        "default": "3\/4",
        "options": [
          {
            "value": "1\/1",
            "label": "1:1"
          },
          {
            "value": "3\/4",
            "label": "3:4"
          },
          {
            "value": "4\/3",
            "label": "4:3"
          },
          {
            "value": "16\/9",
            "label": "16:9"
          },
          {
            "value": "custom",
            "label": "Custom"
          }
        ]
      },
      {
        "type": "text",
        "id": "product_aspect_ratio_custom",
        "label": "Aspect Ratio Custom",
        "default": "2:3"
      },
      {
        "type": "header",
        "content": "Product name"
      },
      {
        "type": "select",
        "id": "product_name_t_transfrom",
        "label": "Text transform",
        "default": "capitalize",
        "options": [
          {
            "value": "uppercase",
            "label": "Uppercase"
          },
          {
            "value": "capitalize",
            "label": "Capitalize"
          },
          {
            "value": "unset",
            "label": "Unset"
          }
        ]
      },
      {
        "type": "select",
        "id": "product_name_line",
        "label": "Product name line limit",
        "default": "unset",
        "options": [
          {
            "value": "unset",
            "label": "Unset"
          },
          {
            "value": "1",
            "label": "1"
          },
          {
            "value": "2",
            "label": "2"
          },
          {
            "value": "3",
            "label": "3"
          }
        ]
      },
      {
        "type": "header",
        "content": "Badges"
      },
      {
        "type": "checkbox",
        "id": "enable_sale_label",
        "label": "Show sale label",
        "default": true
      },
      {
        "type": "checkbox",
        "id": "enable_preorder",
        "label": "Show pre order",
        "default": true
      },
      {
        "type": "checkbox",
        "id": "enable_sold_out",
        "label": "Show sold out badge",
        "default": true
      },
      {
        "type": "select",
        "id": "product_label_style",
        "label": "Badges style",
        "default": "label-rounded-2",
        "options": [
          {
            "value": "label-rounded-2",
            "label": "Radius"
          },
          {
            "value": "label-depend-on-button",
            "label": "Rounded corners"
          },
          {
            "value": "label-square",
            "label": "Rectangular"
          }
        ]
      },
      {
        "type": "header",
        "content": "Product scrolling text sale"
      },
      {
        "type": "checkbox",
        "id": "enable_text_sale_scrolling",
        "label": "Show scrolling text sale",
        "default": false
      },
      {
        "type": "text",
        "id": "text_scrolling_sale",
        "label": "Description",
        "default": "Hot Sale [percent_sale] Off",
        "info": "* [percent_sale] is the variable name that will be automatically replaced, you must not change it. But you can change it position in the text"
      },
      {
        "type": "color",
        "id": "color_text_sale_scrolling",
        "label": "Color text scrolling"
      },
      {
        "type": "color",
        "id": "bg_text_sale_scrolling",
        "label": "Background text scrolling"
      },
      {
        "type": "range",
        "id": "text_sale_font_size",
        "min": 10,
        "max": 30,
        "step": 1,
        "label": "Font size",
        "unit": "px",
        "default": 12
      },
      {
        "type": "range",
        "id": "text_sale_font_weight",
        "min": 100,
        "max": 900,
        "step": 100,
        "label": "Font weight",
        "default": 500
      },
      {
        "type": "range",
        "id": "text_sale_time",
        "min": 3,
        "max": 30,
        "step": 1,
        "label": "Time",
        "unit": "s",
        "default": 10
      },
      {
        "type": "range",
        "id": "text_sale_spacing",
        "min": 1,
        "max": 50,
        "step": 1,
        "label": "Spacing",
        "unit": "px",
        "default": 10
      },
      {
        "type": "select",
        "id": "text_sale_tf",
        "label": "Text transform",
        "options": [
          {
            "value": "unset",
            "label": "Unset"
          },
          {
            "value": "capitalize",
            "label": "Capitalize"
          },
          {
            "value": "uppercase",
            "label": "Uppercase"
          }
        ]
      },
      {
        "type": "header",
        "content": "Catalog mode"
      },
      {
        "type": "checkbox",
        "id": "enable_catalog_mode",
        "label": "Enable catalog mode",
        "default": false,
        "info": "You can hide \"Add to cart\" buttons."
      },
      {
        "type": "header",
        "content": "Color swatches"
      },
      {
        "type": "checkbox",
        "id": "enable_sw_only_product_detail",
        "label": "Enable for only product detail",
        "default": false
      },
      {
        "type": "select",
        "id": "color_swatches_size",
        "label": "Size",
        "default": "medium",
        "options": [
          {
            "value": "small",
            "label": "Small"
          },
          {
            "value": "medium",
            "label": "Medium"
          },
          {
            "value": "large",
            "label": "Large"
          }
        ]
      },
      {
        "type": "select",
        "id": "color_swatches_style",
        "label": "Swatches style",
        "default": "rounded",
        "options": [
          {
            "value": "square",
            "label": "Square"
          },
          {
            "value": "rounded",
            "label": "Rounded"
          },
          {
            "value": "rounded-5",
            "label": "Radius"
          }
        ]
      },
      {
        "type": "select",
        "id": "swatch_type",
        "label": "Select color swatch type",
        "default": "color",
        "options": [
          {
            "value": "radio",
            "label": "Radio"
          },
          {
            "value": "dropdown",
            "label": "Dropdown"
          },
          {
            "value": "color",
            "label": "Color swatch"
          },
          {
            "value": "text",
            "label": "Text swatch"
          }
        ]
      },
      {
        "type": "select",
        "id": "swatch_selector_type",
        "label": "Selector type",
        "default": "text",
        "options": [
          {
            "value": "text",
            "label": "Text"
          },
          {
            "value": "radio",
            "label": "Radio"
          },
          {
            "value": "dropdown",
            "label": "Dropdown"
          }
        ]
      },
      {
        "type": "header",
        "content": "Option name"
      },
      {
        "type": "text",
        "id": "option_name_color",
        "label": "Color",
        "default": "Color"
      }
    ]
  },
  {
    "name": "Quickview",
    "settings": [
      {
        "type": "header",
        "content": "General"
      },
      {
        "type": "checkbox",
        "id": "show_qv_product_availability",
        "label": "Show product availability",
        "default": true
      },
      {
        "type": "checkbox",
        "id": "show_qv_product_sku",
        "label": "Show product SKU",
        "default": true
      },
      {
        "type": "checkbox",
        "id": "show_qv_product_type",
        "label": "Show product type",
        "default": true
      },
      {
        "type": "checkbox",
        "id": "show_qv_product_vendor",
        "label": "Show vendor",
        "default": true
      },
      {
        "type": "checkbox",
        "id": "show_qv_product_collection",
        "label": "Show product collection",
        "default": true
      },
      {
        "type": "checkbox",
        "id": "show_qv_product_description",
        "label": "Show short description",
        "default": true
      }
    ]
  }
]