{
  "current": {
    "favicon": "shopify:\/\/shop_images\/favicon_d815f4d2-877b-4bcb-83a0-5d0405974210.png",
    "logo_image_1": "shopify:\/\/shop_images\/logo_589e36ee-a8ee-4a1c-9775-2e34a8bc91b3.svg",
    "social_twitter_link": "#",
    "social_facebook_link": "#",
    "social_pinterest_link": "",
    "social_instagram_link": "#",
    "social_vimeo_link": "#",
    "loading_image": "shopify:\/\/shop_images\/preloader-icon_08d7419e-f483-44e3-b51c-f9d334224cdf.svg",
    "header_layout": "header_layout_1",
    "container": "container",
    "header_search_links": "search-menu",
    "free_shipping_progress_bar": true,
    "sections": {
      "top-bar": {
        "type": "top-bar",
        "settings": {
          "container": "container",
          "show_topbar": true,
          "background_color": "#010f1c",
          "show_message_icon_svg": true,
          "message_icon_svg": "<span><svg width=\"22\" height=\"19\" viewbox=\"0 0 22 19\" fill=\"none\" xmlns=\"http:\/\/www.w3.org\/2000\/svg\">\n                                 <path d=\"M14.6364 1H1V12.8182H14.6364V1Z\" stroke=\"currentColor\" stroke-width=\"2\" stroke-linecap=\"round\" stroke-linejoin=\"round\"><\/path>\n                                 <path d=\"M14.6364 5.54545H18.2727L21 8.27273V12.8182H14.6364V5.54545Z\" stroke=\"currentColor\" stroke-width=\"2\" stroke-linecap=\"round\" stroke-linejoin=\"round\"><\/path>\n                                 <path d=\"M5.0909 17.3636C6.3461 17.3636 7.36363 16.3461 7.36363 15.0909C7.36363 13.8357 6.3461 12.8182 5.0909 12.8182C3.83571 12.8182 2.81818 13.8357 2.81818 15.0909C2.81818 16.3461 3.83571 17.3636 5.0909 17.3636Z\" stroke=\"currentColor\" stroke-width=\"2\" stroke-linecap=\"round\" stroke-linejoin=\"round\"><\/path>\n                                 <path d=\"M16.9091 17.3636C18.1643 17.3636 19.1818 16.3461 19.1818 15.0909C19.1818 13.8357 18.1643 12.8182 16.9091 12.8182C15.6539 12.8182 14.6364 13.8357 14.6364 15.0909C14.6364 16.3461 15.6539 17.3636 16.9091 17.3636Z\" stroke=\"currentColor\" stroke-width=\"2\" stroke-linecap=\"round\" stroke-linejoin=\"round\"><\/path>\n                              <\/svg><\/span>",
          "show_message": true,
          "message": "<p>FREE Express Shipping On Orders $570+<\/p>",
          "settings_menu_title": "Setting",
          "settings_menu": "main-menu",
          "show_country": false,
          "show_language": false,
          "show_setting": true
        }
      },
      "header-layout-1": {
        "type": "header-layout-1",
        "settings": {
        }
      },
      "vertical-menu": {
        "type": "vertical-menu",
        "blocks": {
          "single_link_c6bawM": {
            "type": "single_link",
            "settings": {
              "title": "New Arrivals",
              "url": "shopify:\/\/collections\/new-arrivals",
              "open_link": false,
              "label": "",
              "svg_icon": "<svg width=\"16\" height=\"17\" viewbox=\"0 0 16 17\" fill=\"none\" xmlns=\"http:\/\/www.w3.org\/2000\/svg\">\n                                               <path d=\"M5.90532 14.8316V12.5719C5.9053 11.9971 6.37388 11.5301 6.95443 11.5262H9.08101C9.66434 11.5262 10.1372 11.9944 10.1372 12.5719V12.5719V14.8386C10.1371 15.3266 10.5305 15.7254 11.0233 15.7368H12.441C13.8543 15.7368 15 14.6026 15 13.2035V13.2035V6.77525C14.9925 6.22482 14.7314 5.70794 14.2911 5.37171L9.44253 1.50496C8.59311 0.83168 7.38562 0.83168 6.5362 1.50496L1.70886 5.37873C1.26693 5.7136 1.00544 6.23133 1 6.78227V13.2035C1 14.6026 2.1457 15.7368 3.55899 15.7368H4.97671C5.48173 15.7368 5.89114 15.3315 5.89114 14.8316V14.8316\" stroke=\"currentColor\" stroke-width=\"1.5\" stroke-linecap=\"round\" stroke-linejoin=\"round\"><\/path>\n                                            <\/svg>",
              "icon_width_image": 50
            }
          },
          "menu_item_hCndq9": {
            "type": "menu_item",
            "settings": {
              "title": "Electronics",
              "url": "#",
              "open_link": false,
              "label": "",
              "svg_icon": "<svg width=\"18\" height=\"18\" viewbox=\"0 0 18 18\" fill=\"none\" xmlns=\"http:\/\/www.w3.org\/2000\/svg\">\n                                               <path d=\"M2.6856 4.54975C2.6856 3.52014 3.51984 2.6859 4.54945 2.68508H5.3977C5.88984 2.68508 6.36136 2.48971 6.71089 2.14348L7.30359 1.54995C8.02984 0.819578 9.21031 0.816281 9.94068 1.54253L9.9415 1.54336L9.94892 1.54995L10.5425 2.14348C10.892 2.49053 11.3635 2.68508 11.8556 2.68508H12.7031C13.7327 2.68508 14.5677 3.51932 14.5677 4.54975V5.39636C14.5677 5.88849 14.7623 6.36084 15.1093 6.71037L15.7029 7.3039C16.4332 8.03015 16.4374 9.21061 15.7111 9.94098L15.7103 9.94181L15.7029 9.94923L15.1093 10.5428C14.7623 10.8915 14.5677 11.363 14.5677 11.8551V12.7034C14.5677 13.733 13.7335 14.5672 12.7039 14.5672H12.7031H11.854C11.3619 14.5672 10.8895 14.7626 10.5408 15.1096L9.94727 15.7024C9.22185 16.4327 8.04221 16.4368 7.31183 15.7122C7.31101 15.7114 7.31019 15.7106 7.30936 15.7098L7.30194 15.7024L6.70924 15.1096C6.36054 14.7626 5.88819 14.568 5.39605 14.5672H4.54945C3.51984 14.5672 2.6856 13.733 2.6856 12.7034V11.8535C2.6856 11.3613 2.49023 10.8898 2.14318 10.5411L1.55047 9.94758C0.820097 9.22215 0.815976 8.04251 1.5414 7.31214C1.5414 7.31132 1.54223 7.31049 1.54305 7.30967L1.55047 7.30225L2.14318 6.70872C2.49023 6.35919 2.6856 5.88767 2.6856 5.39471V4.54975\" stroke=\"currentColor\" stroke-width=\"1.5\" stroke-linecap=\"round\" stroke-linejoin=\"round\"><\/path>\n                                               <path d=\"M6.50787 10.7453L10.745 6.50812\" stroke=\"currentColor\" stroke-width=\"1.5\" stroke-linecap=\"round\" stroke-linejoin=\"round\"><\/path>\n                                               <path d=\"M10.6823 10.6862H10.6897\" stroke=\"currentColor\" stroke-width=\"2\" stroke-linecap=\"round\" stroke-linejoin=\"round\"><\/path>\n                                               <path d=\"M6.56053 6.56446H6.56795\" stroke=\"currentColor\" stroke-width=\"2\" stroke-linecap=\"round\" stroke-linejoin=\"round\"><\/path>\n                                            <\/svg>"
            }
          },
          "link_UKpm6h": {
            "type": "link",
            "settings": {
              "title": "Featured",
              "url": "shopify:\/\/collections\/computer",
              "open_link": false,
              "menu": "main-menu",
              "link_list_image": "shopify:\/\/shop_images\/menu-1_4dc8394a-826a-4e98-b7e9-de78f269b9f4.jpg",
              "col": "4"
            }
          },
          "link_HJEFFV": {
            "type": "link",
            "settings": {
              "title": "Laptops",
              "url": "shopify:\/\/collections\/all",
              "open_link": false,
              "menu": "main-menu",
              "link_list_image": "shopify:\/\/shop_images\/menu-2_ceb9b470-6542-4a3b-b9f2-383e2e496da1.jpg",
              "col": "4"
            }
          },
          "link_g8bKeT": {
            "type": "link",
            "settings": {
              "title": "Accessories",
              "url": "shopify:\/\/collections",
              "open_link": false,
              "menu": "search-menu",
              "link_list_image": "shopify:\/\/shop_images\/menu-3.jpg",
              "col": "4"
            }
          },
          "single_link_mCiw7F": {
            "type": "single_link",
            "settings": {
              "title": "Gifts",
              "url": "shopify:\/\/collections\/gifts",
              "open_link": true,
              "label": "",
              "svg_icon": "<svg width=\"17\" height=\"17\" viewbox=\"0 0 17 17\" fill=\"none\" xmlns=\"http:\/\/www.w3.org\/2000\/svg\">\n                                               <path d=\"M14.5 8.5V16H2.50003V8.5\" stroke=\"currentColor\" stroke-width=\"1.4\" stroke-linecap=\"round\" stroke-linejoin=\"round\"><\/path>\n                                               <path d=\"M16 4.75H1V8.5H16V4.75Z\" stroke=\"currentColor\" stroke-width=\"1.4\" stroke-linecap=\"round\" stroke-linejoin=\"round\"><\/path>\n                                               <path d=\"M8.5 16V4.75\" stroke=\"currentColor\" stroke-width=\"1.4\" stroke-linecap=\"round\" stroke-linejoin=\"round\"><\/path>\n                                               <path d=\"M8.49997 4.75H5.12497C4.62769 4.75 4.15077 4.55246 3.79914 4.20083C3.44751 3.84919 3.24997 3.37228 3.24997 2.875C3.24997 2.37772 3.44751 1.90081 3.79914 1.54917C4.15077 1.19754 4.62769 1 5.12497 1C7.74997 1 8.49997 4.75 8.49997 4.75Z\" stroke=\"currentColor\" stroke-width=\"1.4\" stroke-linecap=\"round\" stroke-linejoin=\"round\"><\/path>\n                                               <path d=\"M8.5 4.75H11.875C12.3723 4.75 12.8492 4.55246 13.2008 4.20083C13.5525 3.84919 13.75 3.37228 13.75 2.875C13.75 2.37772 13.5525 1.90081 13.2008 1.54917C12.8492 1.19754 12.3723 1 11.875 1C9.25 1 8.5 4.75 8.5 4.75Z\" stroke=\"currentColor\" stroke-width=\"1.4\" stroke-linecap=\"round\" stroke-linejoin=\"round\"><\/path>\n                                            <\/svg>",
              "icon_width_image": 50
            }
          },
          "single_link_dGPaww": {
            "type": "single_link",
            "settings": {
              "title": "Smartphones & Tablets",
              "url": "shopify:\/\/collections\/smartphones-tablets",
              "open_link": false,
              "label": "",
              "svg_icon": "<svg width=\"15\" height=\"18\" viewbox=\"0 0 15 18\" fill=\"none\" xmlns=\"http:\/\/www.w3.org\/2000\/svg\">\n                                               <path d=\"M12.375 1H2.625C1.72754 1 1 1.72754 1 2.625V15.625C1 16.5225 1.72754 17.25 2.625 17.25H12.375C13.2725 17.25 14 16.5225 14 15.625V2.625C14 1.72754 13.2725 1 12.375 1Z\" stroke=\"currentColor\" stroke-width=\"1.5\" stroke-linecap=\"round\" stroke-linejoin=\"round\"><\/path>\n                                               <path d=\"M7.5 14H7.50875\" stroke=\"currentColor\" stroke-width=\"1.5\" stroke-linecap=\"round\" stroke-linejoin=\"round\"><\/path>\n                                            <\/svg>",
              "icon_width_image": 50
            }
          },
          "single_link_YkVmFn": {
            "type": "single_link",
            "settings": {
              "title": "TV, Video & Musice",
              "url": "shopify:\/\/collections\/cloths",
              "open_link": false,
              "label": "",
              "svg_icon": "<svg width=\"18\" height=\"18\" viewbox=\"0 0 18 18\" fill=\"none\" xmlns=\"http:\/\/www.w3.org\/2000\/svg\">\n                                               <path fill-rule=\"evenodd\" clip-rule=\"evenodd\" d=\"M9 1C13.4176 1 17 4.5816 17 9C17 13.4184 13.4176 17 9 17C4.5816 17 1 13.4184 1 9C1 4.5816 4.5816 1 9 1Z\" stroke=\"currentColor\" stroke-width=\"1.5\" stroke-linecap=\"round\" stroke-linejoin=\"round\"><\/path>\n                                               <path fill-rule=\"evenodd\" clip-rule=\"evenodd\" d=\"M11.5263 8.99592C11.5263 8.31286 8.02529 6.12769 7.62814 6.5206C7.23099 6.9135 7.19281 11.0413 7.62814 11.4712C8.06348 11.9027 11.5263 9.67898 11.5263 8.99592Z\" stroke=\"currentColor\" stroke-width=\"1.5\" stroke-linecap=\"round\" stroke-linejoin=\"round\"><\/path>\n                                            <\/svg>",
              "icon_width_image": 50
            }
          },
          "single_link_X7ViTn": {
            "type": "single_link",
            "settings": {
              "title": "Cameras",
              "url": "shopify:\/\/collections\/cameras",
              "open_link": false,
              "label": "",
              "svg_icon": "<svg width=\"18\" height=\"16\" viewbox=\"0 0 18 16\" fill=\"none\" xmlns=\"http:\/\/www.w3.org\/2000\/svg\">\n                                               <path fill-rule=\"evenodd\" clip-rule=\"evenodd\" d=\"M11.6292 1.26076C12.5027 1.60843 12.7699 2.81924 13.1271 3.20843C13.4843 3.59762 13.9955 3.72995 14.2783 3.72995C15.7814 3.72995 17 4.94854 17 6.45081V11.4627C17 13.4778 15.3654 15.1124 13.3503 15.1124H4.64973C2.63373 15.1124 1 13.4778 1 11.4627V6.45081C1 4.94854 2.21859 3.72995 3.72173 3.72995C4.00368 3.72995 4.51481 3.59762 4.87287 3.20843C5.23005 2.81924 5.49643 1.60843 6.36995 1.26076C7.24432 0.913081 10.7557 0.913081 11.6292 1.26076Z\" stroke=\"currentColor\" stroke-width=\"1.5\" stroke-linecap=\"round\" stroke-linejoin=\"round\"><\/path>\n                                               <path d=\"M13.7527 5.97314H13.7605\" stroke=\"currentColor\" stroke-width=\"1.5\" stroke-linecap=\"round\" stroke-linejoin=\"round\"><\/path>\n                                               <path fill-rule=\"evenodd\" clip-rule=\"evenodd\" d=\"M11.7491 9.11086C11.7491 7.59215 10.5184 6.36145 8.99974 6.36145C7.48104 6.36145 6.25034 7.59215 6.25034 9.11086C6.25034 10.6296 7.48104 11.8603 8.99974 11.8603C10.5184 11.8603 11.7491 10.6296 11.7491 9.11086Z\" stroke=\"currentColor\" stroke-width=\"1.5\" stroke-linecap=\"round\" stroke-linejoin=\"round\"><\/path>\n                                            <\/svg>",
              "icon_width_image": 95
            }
          },
          "single_link_WKiY6i": {
            "type": "single_link",
            "settings": {
              "title": "Cooking",
              "url": "shopify:\/\/collections\/wooman",
              "open_link": false,
              "label": "",
              "svg_icon": "<svg width=\"17\" height=\"17\" viewbox=\"0 0 17 17\" fill=\"none\" xmlns=\"http:\/\/www.w3.org\/2000\/svg\">\n                                               <path fill-rule=\"evenodd\" clip-rule=\"evenodd\" d=\"M2.30431 1C1.58423 1 1 1.59405 1 2.32534V3.10537C1 3.64706 1.20599 4.16798 1.57446 4.55981L5.61258 8.8536L5.61436 8.8509C6.39393 9.64899 6.83254 10.7279 6.83254 11.8528V15.6626C6.83254 15.9172 7.09891 16.0798 7.32 15.9597L9.61963 14.7066C9.96679 14.517 10.1834 14.1486 10.1834 13.7487V11.8428C10.1834 10.7242 10.6158 9.64989 11.3883 8.8536L15.4264 4.55981C15.794 4.16798 16 3.64706 16 3.10537V2.32534C16 1.59405 15.4167 1 14.6966 1H2.30431Z\" stroke=\"currentColor\" stroke-width=\"1.5\" stroke-linecap=\"round\" stroke-linejoin=\"round\"><\/path>\n                                            <\/svg>",
              "icon_width_image": 50
            }
          },
          "single_link_b9BUCe": {
            "type": "single_link",
            "settings": {
              "title": "Accessories",
              "url": "shopify:\/\/collections\/sportwear",
              "open_link": false,
              "label": "",
              "svg_icon": "<svg width=\"18\" height=\"16\" viewbox=\"0 0 18 16\" fill=\"none\" xmlns=\"http:\/\/www.w3.org\/2000\/svg\">\n                                               <path d=\"M15.7462 7.16473V13.167C15.7462 13.6457 15.556 14.1049 15.2175 14.4434C14.8789 14.782 14.4197 14.9722 13.941 14.9722H4.3058C3.82703 14.9722 3.3679 14.782 3.02936 14.4434C2.69083 14.1049 2.50061 13.6457 2.50061 13.167V9.36255\" stroke=\"currentColor\" stroke-width=\"1.5\" stroke-linecap=\"round\" stroke-linejoin=\"round\"><\/path>\n                                               <path d=\"M3.46186 1.00001C3.18176 0.999863 2.90854 1.08659 2.6798 1.24825C2.45106 1.4099 2.27807 1.63852 2.18471 1.9026L1.11062 5.01655C0.713475 6.15382 1.41752 7.16021 2.71274 7.16021C3.18296 7.14863 3.64325 7.02257 4.05374 6.79294C4.46424 6.56331 4.81255 6.23705 5.0685 5.84243C5.20151 6.24071 5.46067 6.58479 5.80676 6.82258C6.15285 7.06036 6.56702 7.17889 6.98651 7.16021C7.18566 6.7642 7.4909 6.43132 7.86823 6.19871C8.24556 5.96611 8.68013 5.84294 9.1234 5.84294C9.56666 5.84294 10.0012 5.96611 10.3785 6.19871C10.7558 6.43132 11.0611 6.7642 11.2603 7.16021V7.16021C11.679 7.17789 12.0922 7.0589 12.4373 6.82119C12.7825 6.58348 13.041 6.23994 13.1738 5.84243C13.431 6.23686 13.7802 6.56288 14.1914 6.79243C14.6026 7.02199 15.0633 7.1482 15.5341 7.16021C16.8293 7.16021 17.5288 6.15382 17.1362 5.01655L16.0621 1.9026C15.9685 1.6378 15.7948 1.40866 15.5652 1.24694C15.3355 1.08522 15.0613 0.998927 14.7804 1.00001H3.46186Z\" stroke=\"currentColor\" stroke-width=\"1.5\" stroke-linecap=\"round\" stroke-linejoin=\"round\"><\/path>\n                                               <path d=\"M11.0707 14.9722H7.19861V11.4701C7.19861 10.983 7.3921 10.5158 7.73656 10.1713C8.08102 9.82685 8.54822 9.63333 9.03536 9.63333H9.22041C9.70755 9.63333 10.1747 9.82685 10.5192 10.1713C10.8637 10.5158 11.0572 10.983 11.0572 11.4701L11.0707 14.9722Z\" stroke=\"currentColor\" stroke-width=\"1.5\" stroke-linecap=\"round\" stroke-linejoin=\"round\"><\/path>\n                                            <\/svg>",
              "icon_width_image": 50
            }
          },
          "single_link_xfdLg4": {
            "type": "single_link",
            "settings": {
              "title": "Sports",
              "url": "shopify:\/\/collections\/apparel",
              "open_link": false,
              "label": "",
              "svg_icon": "<svg width=\"18\" height=\"17\" viewbox=\"0 0 18 17\" fill=\"none\" xmlns=\"http:\/\/www.w3.org\/2000\/svg\">\n                                               <path fill-rule=\"evenodd\" clip-rule=\"evenodd\" d=\"M6.92384 11.3525C10.1178 11.3525 12.8477 11.8365 12.8477 13.7698C12.8477 15.7032 10.136 16.201 6.92384 16.201C3.72902 16.201 1 15.7213 1 13.7871C1 11.8529 3.71084 11.3525 6.92384 11.3525Z\" stroke=\"currentColor\" stroke-width=\"1.5\" stroke-linecap=\"round\" stroke-linejoin=\"round\"><\/path>\n                                               <path fill-rule=\"evenodd\" clip-rule=\"evenodd\" d=\"M6.92383 8.59311C4.82685 8.59311 3.1264 6.89354 3.1264 4.79656C3.1264 2.69958 4.82685 1 6.92383 1C9.01994 1 10.7204 2.69958 10.7204 4.79656C10.7282 6.88575 9.03986 8.58532 6.95067 8.59311H6.92383Z\" stroke=\"currentColor\" stroke-width=\"1.5\" stroke-linecap=\"round\" stroke-linejoin=\"round\"><\/path>\n                                               <path d=\"M12.8906 7.60761C14.2768 7.41281 15.3443 6.22319 15.3469 4.78336C15.3469 3.3643 14.3123 2.18681 12.9556 1.96429\" stroke=\"currentColor\" stroke-width=\"1.5\" stroke-linecap=\"round\" stroke-linejoin=\"round\"><\/path>\n                                               <path d=\"M14.7195 10.9416C16.0623 11.1416 17 11.6126 17 12.5823C17 13.2498 16.5584 13.6827 15.845 13.9537\" stroke=\"currentColor\" stroke-width=\"1.5\" stroke-linecap=\"round\" stroke-linejoin=\"round\"><\/path>\n                                               <\/svg>",
              "icon_width_image": 50
            }
          }
        },
        "block_order": [
          "single_link_c6bawM",
          "menu_item_hCndq9",
          "link_UKpm6h",
          "link_HJEFFV",
          "link_g8bKeT",
          "single_link_mCiw7F",
          "single_link_dGPaww",
          "single_link_YkVmFn",
          "single_link_X7ViTn",
          "single_link_WKiY6i",
          "single_link_b9BUCe",
          "single_link_xfdLg4"
        ],
        "settings": {
          "enable": true,
          "title": "Shop by category"
        }
      },
      "horizontal-menu": {
        "type": "horizontal-menu",
        "blocks": {
          "menu_item_Cyr9ph": {
            "type": "menu_item",
            "settings": {
              "title": "Home",
              "url": "https:\/\/shofy-ecommerce.myshopify.com\/",
              "icon_width_image": 20
            }
          },
          "banner_jfWNeK": {
            "type": "banner",
            "settings": {
              "title": "Electronics",
              "description": "Description",
              "image": "shopify:\/\/shop_images\/menu-home-1.jpg",
              "button_title": "",
              "banner_link": "https:\/\/shofy-ecommerce.myshopify.com\/"
            }
          },
          "banner_UwKJUk": {
            "type": "banner",
            "settings": {
              "title": "Fashion",
              "description": "Description",
              "image": "shopify:\/\/shop_images\/menu-home-2_1be1d19b-4cd3-44eb-929a-9dfaccb98a25.jpg",
              "button_title": "",
              "banner_link": "https:\/\/fashion-shofy-ecommerce.myshopify.com\/"
            }
          },
          "banner_Yj6AGE": {
            "type": "banner",
            "settings": {
              "title": "Beauty",
              "description": "Description",
              "image": "shopify:\/\/shop_images\/menu-home-3.jpg",
              "button_title": "",
              "banner_link": "https:\/\/beauty-shofy-ecommerce.myshopify.com\/"
            }
          },
          "banner_dz9F89": {
            "type": "banner",
            "settings": {
              "title": "Jewelry",
              "description": "Description",
              "image": "shopify:\/\/shop_images\/menu-home-4.jpg",
              "button_title": "",
              "banner_link": "https:\/\/jewelry-shofy.myshopify.com\/"
            }
          },
          "banner_tbFtPY": {
            "type": "banner",
            "settings": {
              "title": "Grocery",
              "description": "Description",
              "image": "shopify:\/\/shop_images\/menu-home-5.jpg",
              "button_title": "",
              "banner_link": "https:\/\/grocery-shofy-ecommerce.myshopify.com\/"
            }
          },
          "menu_item_LdaMf6": {
            "type": "menu_item",
            "settings": {
              "title": "Shop",
              "url": "https:\/\/shofy-ecommerce.myshopify.com\/collections\/all",
              "icon_width_image": 20
            }
          },
          "link_BpwjAx": {
            "type": "link",
            "settings": {
              "title": "Shop Pages",
              "url": "#",
              "open_link": false,
              "menu": "search-menu",
              "col": "3"
            }
          },
          "link_Yw4AfL": {
            "type": "link",
            "settings": {
              "title": "Hover Style",
              "url": "",
              "open_link": false,
              "menu": "handle_menu",
              "col": "3"
            }
          },
          "link_hhWVgJ": {
            "type": "link",
            "settings": {
              "title": "Hover Style",
              "url": "",
              "open_link": false,
              "menu": "settings-menu",
              "col": "3"
            }
          },
          "banner_haxzTw": {
            "type": "banner",
            "settings": {
              "title": "",
              "description": "Description",
              "image": "shopify:\/\/shop_images\/menu-product-img-1_36b17344-e479-4b50-aea2-4c9eb785930e.jpg",
              "button_title": "Phones",
              "banner_link": "shopify:\/\/products\/mini-portable-mobile-phone-powerbank-for-iphone"
            }
          },
          "banner_iwHbaf": {
            "type": "banner",
            "settings": {
              "title": "",
              "description": "Description",
              "image": "shopify:\/\/shop_images\/menu-product-img-2_aee1f016-7197-4174-b138-7e5a570f43d0.jpg",
              "button_title": "Cameras",
              "banner_link": "shopify:\/\/products\/tracker-with-ip67-waterproof-pedometer-smart-watch"
            }
          },
          "dropdown_rhApmH": {
            "type": "dropdown",
            "settings": {
              "title": "Blog",
              "url": "shopify:\/\/blogs\/news",
              "menu": "blog-menu",
              "icon_width_image": 50
            }
          },
          "single_link_aLLV3f": {
            "type": "single_link",
            "settings": {
              "title": "Contact",
              "url": "shopify:\/\/pages\/contact",
              "icon_width_image": 50
            }
          },
          "single_link_bmfcPA": {
            "type": "single_link",
            "settings": {
              "title": "About",
              "url": "shopify:\/\/pages\/about-page",
              "icon_width_image": 50
            }
          }
        },
        "block_order": [
          "menu_item_Cyr9ph",
          "banner_jfWNeK",
          "banner_UwKJUk",
          "banner_Yj6AGE",
          "banner_dz9F89",
          "banner_tbFtPY",
          "menu_item_LdaMf6",
          "link_BpwjAx",
          "link_Yw4AfL",
          "link_hhWVgJ",
          "banner_haxzTw",
          "banner_iwHbaf",
          "dropdown_rhApmH",
          "single_link_aLLV3f",
          "single_link_bmfcPA"
        ],
        "settings": {
          "show_my_account": false,
          "label_color_1": "",
          "label2": "New",
          "label_color_2": "",
          "label3": "Sale",
          "label_color_3": "",
          "width_sub_menu_center": 800,
          "menu_mb_action": false
        }
      },
      "footer-1": {
        "type": "footer-1",
        "blocks": {
          "about_us_gkw7Wk": {
            "type": "about_us",
            "settings": {
              "title": "",
              "description": "We are a team of designers and developers that create high quality WordPress",
              "logo_about_us": "shopify:\/\/shop_images\/logo_04f1d94a-b0d1-4511-800c-7a7c5319cd1f.svg",
              "show_socials_link": true,
              "width": "33%"
            }
          },
          "menu_QchtRw": {
            "type": "menu",
            "settings": {
              "menu": "my-account",
              "title": "Account",
              "width": "16%"
            }
          },
          "menu_tfNKfB": {
            "type": "menu",
            "settings": {
              "menu": "footer",
              "title": "Infomation",
              "width": "25%"
            }
          },
          "custom_html_T7YBDR": {
            "type": "custom_html",
            "settings": {
              "title": "Talk To Us",
              "html": "<div class=\"tp-footer-widget-content\">\n   <div class=\"tp-footer-talk mb-20\">\n      <span>Got Questions? Call us<\/span>\n      <h4><a href=\"tel:670-413-90-762\">+670 413 90 762<\/a><\/h4>\n   <\/div>\n   <div class=\"tp-footer-contact\">\n      <div class=\"tp-footer-contact-item d-flex align-items-start\">\n         <div class=\"tp-footer-contact-icon\">\n            <span>\n               <svg width=\"18\" height=\"16\" viewBox=\"0 0 18 16\" fill=\"none\" xmlns=\"http:\/\/www.w3.org\/2000\/svg\">\n                  <path d=\"M1 5C1 2.2 2.6 1 5 1H13C15.4 1 17 2.2 17 5V10.6C17 13.4 15.4 14.6 13 14.6H5\" stroke=\"currentColor\" stroke-width=\"1.5\" stroke-miterlimit=\"10\" stroke-linecap=\"round\" stroke-linejoin=\"round\"><\/path>\n                  <path d=\"M13 5.40039L10.496 7.40039C9.672 8.05639 8.32 8.05639 7.496 7.40039L5 5.40039\" stroke=\"currentColor\" stroke-width=\"1.5\" stroke-miterlimit=\"10\" stroke-linecap=\"round\" stroke-linejoin=\"round\"><\/path>\n                  <path d=\"M1 11.4004H5.8\" stroke=\"currentColor\" stroke-width=\"1.5\" stroke-miterlimit=\"10\" stroke-linecap=\"round\" stroke-linejoin=\"round\"><\/path>\n                  <path d=\"M1 8.19922H3.4\" stroke=\"currentColor\" stroke-width=\"1.5\" stroke-miterlimit=\"10\" stroke-linecap=\"round\" stroke-linejoin=\"round\"><\/path>\n               <\/svg>\n            <\/span>\n         <\/div>\n         <div class=\"tp-footer-contact-content\">\n            <p><a href=\"mailto:shofy@support.com\">shofy@support.com<\/a><\/p>\n         <\/div>\n      <\/div>\n      <div class=\"tp-footer-contact-item d-flex align-items-start\">\n         <div class=\"tp-footer-contact-icon\">\n            <span>\n               <svg width=\"17\" height=\"20\" viewBox=\"0 0 17 20\" fill=\"none\" xmlns=\"http:\/\/www.w3.org\/2000\/svg\">\n                  <path d=\"M8.50001 10.9417C9.99877 10.9417 11.2138 9.72668 11.2138 8.22791C11.2138 6.72915 9.99877 5.51416 8.50001 5.51416C7.00124 5.51416 5.78625 6.72915 5.78625 8.22791C5.78625 9.72668 7.00124 10.9417 8.50001 10.9417Z\" stroke=\"currentColor\" stroke-width=\"1.5\"><\/path>\n                  <path d=\"M1.21115 6.64496C2.92464 -0.887449 14.0841 -0.878751 15.7889 6.65366C16.7891 11.0722 14.0406 14.8123 11.6313 17.126C9.88298 18.8134 7.11704 18.8134 5.36006 17.126C2.95943 14.8123 0.210885 11.0635 1.21115 6.64496Z\" stroke=\"currentColor\" stroke-width=\"1.5\"><\/path>\n               <\/svg>\n            <\/span>\n         <\/div>\n         <div class=\"tp-footer-contact-content\">\n            <p><a href=\"https:\/\/www.google.com\/maps\/place\/Sleepy+Hollow+Rd,+Gouverneur,+NY+13642,+USA\/@44.3304966,-75.4552367,17z\/data=!3m1!4b1!4m6!3m5!1s0x4cccddac8972c5eb:0x56286024afff537a!8m2!3d44.3304928!4d-75.453048!16s%2Fg%2F1tdsjdj4\" target=\"_blank\">79 Sleepy Hollow St. <br> Jamaica, New York 1432<\/a><\/p>\n         <\/div>\n      <\/div>\n   <\/div>\n<\/div>",
              "width": "25%"
            }
          }
        },
        "block_order": [
          "about_us_gkw7Wk",
          "menu_QchtRw",
          "menu_tfNKfB",
          "custom_html_T7YBDR"
        ],
        "settings": {
          "container": "container",
          "copyright": "<p>© 2024 All Rights Reserved  |  Shopify Template by <a href=\"https:\/\/shofy-ecommerce.myshopify.com\/\" target=\"_blank\" title=\"https:\/\/shofy-ecommerce.myshopify.com\/\">Themepure<\/a>.<\/p>",
          "image_payment": "shopify:\/\/shop_images\/footer-pay_a52ccacc-dc34-450a-86c0-08d1f6eda91d.png",
          "footer_background_color": "#f4f7f9"
        }
      },
      "mobile-stickybar": {
        "type": "mobile-stickybar",
        "settings": {
          "enable_mobile_stickybar": true,
          "show_home": true,
          "show_cart": true,
          "show_products_all": true,
          "show_wishlist": true,
          "show_my_account": true
        }
      },
      "custom-colors": {
        "type": "custom-colors",
        "settings": {
        }
      }
    },
    "content_for_index": [

    ],
    "blocks": {
      "14060646107696862457": {
        "type": "shopify:\/\/apps\/judge-me-reviews\/blocks\/judgeme_core\/61ccd3b1-a9f2-4160-9fe9-4fec8413e5d8",
        "disabled": false,
        "settings": {
        }
      },
      "9670189827046205946": {
        "type": "shopify:\/\/apps\/hextom-translate-and-currency\/blocks\/app-block\/b927a799-be04-4b97-9efb-5c8f0290a68e",
        "disabled": false,
        "settings": {
        }
      }
    }
  },
  "presets": {
    "Default": {
      "colors_solid_button_labels": "#ffffff",
      "colors_accent_1": "#121212",
      "gradient_accent_1": "",
      "colors_accent_2": "#334fb4",
      "gradient_accent_2": "",
      "colors_text": "#121212",
      "colors_outline_button_labels": "#121212",
      "colors_background_1": "#ffffff",
      "gradient_background_1": "",
      "colors_background_2": "#f3f3f3",
      "gradient_background_2": "",
      "type_header_font": "assistant_n4",
      "heading_scale": 100,
      "type_body_font": "assistant_n4",
      "body_scale": 100,
      "page_width": 1200,
      "spacing_sections": 0,
      "spacing_grid_horizontal": 8,
      "spacing_grid_vertical": 8,
      "buttons_border_thickness": 1,
      "buttons_border_opacity": 100,
      "buttons_radius": 0,
      "buttons_shadow_opacity": 0,
      "buttons_shadow_horizontal_offset": 0,
      "buttons_shadow_vertical_offset": 4,
      "buttons_shadow_blur": 5,
      "variant_pills_border_thickness": 1,
      "variant_pills_border_opacity": 55,
      "variant_pills_radius": 40,
      "variant_pills_shadow_opacity": 0,
      "variant_pills_shadow_horizontal_offset": 0,
      "variant_pills_shadow_vertical_offset": 4,
      "variant_pills_shadow_blur": 5,
      "inputs_border_thickness": 1,
      "inputs_border_opacity": 55,
      "inputs_radius": 0,
      "inputs_shadow_opacity": 0,
      "inputs_shadow_horizontal_offset": 0,
      "inputs_shadow_vertical_offset": 4,
      "inputs_shadow_blur": 5,
      "card_style": "standard",
      "card_image_padding": 0,
      "card_text_alignment": "left",
      "card_color_scheme": "background-2",
      "card_border_thickness": 0,
      "card_border_opacity": 10,
      "card_corner_radius": 0,
      "card_shadow_opacity": 0,
      "card_shadow_horizontal_offset": 0,
      "card_shadow_vertical_offset": 4,
      "card_shadow_blur": 5,
      "collection_card_style": "standard",
      "collection_card_image_padding": 0,
      "collection_card_text_alignment": "left",
      "collection_card_color_scheme": "background-2",
      "collection_card_border_thickness": 0,
      "collection_card_border_opacity": 10,
      "collection_card_corner_radius": 0,
      "collection_card_shadow_opacity": 0,
      "collection_card_shadow_horizontal_offset": 0,
      "collection_card_shadow_vertical_offset": 4,
      "collection_card_shadow_blur": 5,
      "blog_card_style": "standard",
      "blog_card_image_padding": 0,
      "blog_card_text_alignment": "left",
      "blog_card_color_scheme": "background-2",
      "blog_card_border_thickness": 0,
      "blog_card_border_opacity": 10,
      "blog_card_corner_radius": 0,
      "blog_card_shadow_opacity": 0,
      "blog_card_shadow_horizontal_offset": 0,
      "blog_card_shadow_vertical_offset": 4,
      "blog_card_shadow_blur": 5,
      "text_boxes_border_thickness": 0,
      "text_boxes_border_opacity": 10,
      "text_boxes_radius": 0,
      "text_boxes_shadow_opacity": 0,
      "text_boxes_shadow_horizontal_offset": 0,
      "text_boxes_shadow_vertical_offset": 4,
      "text_boxes_shadow_blur": 5,
      "media_border_thickness": 1,
      "media_border_opacity": 5,
      "media_radius": 0,
      "media_shadow_opacity": 0,
      "media_shadow_horizontal_offset": 0,
      "media_shadow_vertical_offset": 4,
      "media_shadow_blur": 5,
      "popup_border_thickness": 1,
      "popup_border_opacity": 10,
      "popup_corner_radius": 0,
      "popup_shadow_opacity": 0,
      "popup_shadow_horizontal_offset": 0,
      "popup_shadow_vertical_offset": 4,
      "popup_shadow_blur": 5,
      "drawer_border_thickness": 1,
      "drawer_border_opacity": 10,
      "drawer_shadow_opacity": 0,
      "drawer_shadow_horizontal_offset": 0,
      "drawer_shadow_vertical_offset": 4,
      "drawer_shadow_blur": 5,
      "badge_position": "bottom left",
      "badge_corner_radius": 40,
      "sale_badge_color_scheme": "accent-2",
      "sold_out_badge_color_scheme": "inverse",
      "accent_icons": "text",
      "social_twitter_link": "",
      "social_facebook_link": "",
      "social_pinterest_link": "",
      "social_instagram_link": "",
      "social_tiktok_link": "",
      "social_tumblr_link": "",
      "social_snapchat_link": "",
      "social_youtube_link": "",
      "social_vimeo_link": "",
      "predictive_search_enabled": true,
      "predictive_search_show_vendor": false,
      "predictive_search_show_price": false,
      "currency_code_enabled": true
    }
  }
}