{
  "sections": {
    "main": {
      "type": "main-article",
      "blocks": {
        "author_info_4Yj3rz": {
          "type": "author_info",
          "settings": {
            "title": "About me",
            "author_link": "",
            "author_avatar": "shopify:\/\/shop_images\/user-11_1ec8ddef-c33c-4ffc-8577-1bd74b5c1c0f.jpg",
            "author_name": "Ravi O'Leigh",
            "author_designation": "CEO & Founder",
            "author_bio": "Lorem ligula eget dolor. Aenean massa. Cum sociis que penatibus magnis dis parturient",
            "author_signature": "shopify:\/\/shop_images\/signature_8e8d266b-de3b-47a5-a695-71cbc70620b3.png"
          }
        },
        "recent_post_XdkVFc": {
          "type": "recent_post",
          "settings": {
            "title": "Recent Post",
            "maximum": 3
          }
        },
        "categories_aG7GXn": {
          "type": "categories",
          "settings": {
            "title": "Blog Category",
            "menu": "shop-menu"
          }
        }
      },
      "block_order": [
        "author_info_4Yj3rz",
        "recent_post_XdkVFc",
        "categories_aG7GXn"
      ],
      "settings": {
        "container": "container",
        "post_show_author": true,
        "post_show_date": true,
        "post_show_tags": true,
        "post_show_share": true,
        "post_next_previous": true,
        "show_related_articles": true,
        "related_articles_title": "Related Articles",
        "aspect_ratio": "original",
        "custom_ratio": "21:9",
        "hover_effect": "zoom",
        "hover_effect_infor": "none"
      }
    }
  },
  "order": [
    "main"
  ]
}