{
  "sections": {
    "main": {
      "type": "main-list-collections",
      "blocks": {
        "collection_RLNpYN": {
          "type": "collection",
          "settings": {
            "title_collection": "",
            "collection": "awesome-lip-care",
            "image": "shopify:\/\/shop_images\/category-main-1.jpg"
          }
        },
        "collection_KHzLNq": {
          "type": "collection",
          "settings": {
            "title_collection": "",
            "collection": "beauty-of-skin",
            "image": "shopify:\/\/shop_images\/category-main-3.jpg"
          }
        },
        "collection_pAftrV": {
          "type": "collection",
          "settings": {
            "title_collection": "",
            "collection": "facial",
            "image": "shopify:\/\/shop_images\/category-main-5.jpg"
          }
        },
        "collection_XHgqHd": {
          "type": "collection",
          "settings": {
            "title_collection": "",
            "collection": "facial-care",
            "image": "shopify:\/\/shop_images\/category-main-1.jpg"
          }
        },
        "collection_8tgBYr": {
          "type": "collection",
          "settings": {
            "title_collection": "",
            "collection": "frontpage",
            "image": "shopify:\/\/shop_images\/category-main-6.jpg"
          }
        },
        "collection_CnzUk3": {
          "type": "collection",
          "settings": {
            "title_collection": "",
            "collection": "skincare",
            "image": "shopify:\/\/shop_images\/category-main-4.jpg"
          }
        }
      },
      "block_order": [
        "collection_RLNpYN",
        "collection_KHzLNq",
        "collection_pAftrV",
        "collection_XHgqHd",
        "collection_8tgBYr",
        "collection_CnzUk3"
      ],
      "settings": {
        "container": "container",
        "title": "All Collections"
      }
    }
  },
  "order": [
    "main"
  ]
}