{
  "sections": {
    "main": {
      "type": "page-contact",
      "settings": {
        "iframe": "<iframe src=\"https:\/\/www.google.com\/maps\/embed?pb=!1m18!1m12!1m3!1d3154.8939060848147!2d144.81158271584684!3d-37.74563313792195!2m3!1f0!2f0!3f0!3m2!1i1024!2i768!4f13.1!3m3!1m2!1s0x6ad65fa6debeb781%3A0xe1d23f5d1759961e!2s184%20Main%20Rd%20E%2C%20St%20Albans%20VIC%203021%2C%20%C3%9Ac!5e0!3m2!1svi!2s!4v1618277125252!5m2!1svi!2s\" width=\"100%\" height=\"500\" style=\"border:0;\" allowfullscreen=\"\" loading=\"lazy\"><\/iframe>",
        "show_map": true,
        "contact_form_heading": "Get in Touch",
        "contact_info_image": "shopify:\/\/shop_images\/contact-icon-1.png",
        "contact_email": "contact@shofy.com",
        "contact_phone": "+67041390762",
        "contact_address_image": "shopify:\/\/shop_images\/contact-icon-2.png",
        "contact_address_content": "<p>84 sleepy hollow st. <br\/> jamaica, New York 1432<\/p>",
        "address_link": "https:\/\/www.google.com\/maps\/place\/New+York,+NY,+USA\/@40.6976637,-74.1197638,11z\/data=!3m1!4b1!4m6!3m5!1s0x89c24fa5d33f083b:0xc80b8f06e177fe62!8m2!3d40.7127753!4d-74.0059728!16zL20vMDJfMjg2",
        "contact_social_image": "shopify:\/\/shop_images\/contact-icon-3.png",
        "social_heading": "Find on social media",
        "social_facebook": "#",
        "social_twitter": "#",
        "social_linkedin": "#"
      }
    }
  },
  "order": [
    "main"
  ]
}